group	volume	title_volume	title_sutra	T_number	credits
阿含部	01	第1巻	長阿含經	T0001
阿含部	01	第1巻	佛説七佛經	T0002
阿含部	01	第1巻	毘婆尸佛經	T0003
阿含部	01	第1巻	七佛父母姓字經	T0004
阿含部	01	第1巻	佛般泥洹經	T0005
阿含部	01	第1巻	般泥洹經	T0006
阿含部	01	第1巻	大般涅槃經	T0007
阿含部	01	第1巻	佛説大堅固婆羅門縁起經	T0008
阿含部	01	第1巻	佛説人仙經	T0009
阿含部	01	第1巻	佛説白衣金幢二婆羅門縁起經	T0010
阿含部	01	第1巻	佛説尼拘陀梵志經	T0011
阿含部	01	第1巻	佛説大集法門經	T0012
阿含部	01	第1巻	長阿含十報法經	T0013
阿含部	01	第1巻	佛説人本欲生經	T0014
阿含部	01	第1巻	佛説帝釋所問經	T0015
阿含部	01	第1巻	佛説尸迦羅越六方禮經	T0016
阿含部	01	第1巻	佛説善生子經	T0017
阿含部	01	第1巻	佛説信佛功徳經	T0018
阿含部	01	第1巻	佛説大三摩惹經	T0019
阿含部	01	第1巻	佛開解梵志阿颰經	T0020
阿含部	01	第1巻	佛説梵網六十二見經	T0021
阿含部	01	第1巻	佛説寂志果經	T0022
阿含部	01	第1巻	大樓炭經	T0023
阿含部	01	第1巻	起世經	T0024
阿含部	01	第1巻	起世因本經	T0025
阿含部	01	第1巻	中阿含經	T0026
阿含部	01	第1巻	佛説七知經	T0027
阿含部	01	第1巻	佛説園生樹經	T0028
阿含部	01	第1巻	佛説鹹水喩經	T0029
阿含部	01	第1巻	佛説薩鉢多酥哩踰捺野經	T0030
阿含部	01	第1巻	佛説一切流攝守因經	T0031
阿含部	01	第1巻	佛説四諦經	T0032
阿含部	01	第1巻	佛説恒水經	T0033
阿含部	01	第1巻	法海經	T0034
阿含部	01	第1巻	佛説海八徳經	T0035
阿含部	01	第1巻	佛説本相猗致經	T0036
阿含部	01	第1巻	佛説縁本致經	T0037
阿含部	01	第1巻	佛説輪王七寶經	T0038
阿含部	01	第1巻	佛説頂生王故事經	T0039
阿含部	01	第1巻	佛説文陀竭王經	T0040
阿含部	01	第1巻	頻婆娑羅王經	T0041
阿含部	01	第1巻	佛説鐵城泥犁經	T0042
阿含部	01	第1巻	佛説閻羅王五天使者經	T0043
阿含部	01	第1巻	佛説古來世時經	T0044
阿含部	01	第1巻	大正句王經	T0045
阿含部	01	第1巻	佛説阿那律八念經	T0046
阿含部	01	第1巻	佛説離睡經	T0047
阿含部	01	第1巻	佛説是法非法經	T0048
阿含部	01	第1巻	佛説求欲經	T0049
阿含部	01	第1巻	佛説受歳經	T0050
阿含部	01	第1巻	佛説梵志計水淨經	T0051
阿含部	01	第1巻	佛説大生義經	T0052
阿含部	01	第1巻	佛説苦陰經	T0053
阿含部	01	第1巻	佛説釋摩男本四子經	T0054
阿含部	01	第1巻	佛説苦陰因事經	T0055
阿含部	01	第1巻	佛説樂想經	T0056
阿含部	01	第1巻	佛説漏分布經	T0057
阿含部	01	第1巻	佛説阿耨風經	T0058
阿含部	01	第1巻	佛説諸法本經	T0059
阿含部	01	第1巻	佛説瞿曇彌記果經	T0060
阿含部	01	第1巻	佛説受新歳經	T0061
阿含部	01	第1巻	佛説新歳經	T0062
阿含部	01	第1巻	佛説解夏經	T0063
阿含部	01	第1巻	佛説瞻婆比丘經	T0064
阿含部	01	第1巻	佛説伏婬經	T0065
阿含部	01	第1巻	佛説魔嬈亂經	T0066
阿含部	01	第1巻	弊魔試目連經	T0067
阿含部	01	第1巻	佛説頼吒和羅經	T0068
阿含部	01	第1巻	佛説護國經	T0069
阿含部	01	第1巻	佛説數經	T0070
阿含部	01	第1巻	梵志頞波羅延問種尊經	T0071
阿含部	01	第1巻	佛説三歸五戒慈心厭離功徳經	T0072
阿含部	01	第1巻	佛説須達經	T0073
阿含部	01	第1巻	佛説長者施報經	T0074
阿含部	01	第1巻	佛為黄竹園老婆羅門説學經	T0075
阿含部	01	第1巻	梵摩渝經	T0076
阿含部	01	第1巻	佛説尊上經	T0077
阿含部	01	第1巻	佛説兜調經	T0078
阿含部	01	第1巻	佛説鸚鵡經	T0079
阿含部	01	第1巻	佛爲首迦長者説業報差別經	T0080
阿含部	01	第1巻	分別善惡報應經	T0081
阿含部	01	第1巻	佛説意經	T0082
阿含部	01	第1巻	佛説應法經	T0083
阿含部	01	第1巻	佛説分別布施經	T0084
阿含部	01	第1巻	佛説息諍因縁經	T0085
阿含部	01	第1巻	佛説泥犁經	T0086
阿含部	01	第1巻	佛説齋經	T0087
阿含部	01	第1巻	優陂夷墮舍迦經	T0088
阿含部	01	第1巻	佛説八關齋經	T0089
阿含部	01	第1巻	佛説鞞摩肅經	T0090
阿含部	01	第1巻	佛説婆羅門子命終愛念不離經	T0091
阿含部	01	第1巻	佛説十支居士八城人經	T0092
阿含部	01	第1巻	佛説邪見經	T0093
阿含部	01	第1巻	佛説箭喩經	T0094
阿含部	01	第1巻	佛説蟻喩經	T0095
阿含部	01	第1巻	佛説治意經	T0096
阿含部	01	第1巻	廣義法門經	T0097
阿含部	01	第1巻	佛説普法義經	T0098
阿含部	02	第2巻	雜阿含經	T0099
阿含部	02	第2巻	別譯雜阿含經	T0100
阿含部	02	第2巻	雜阿含經	T0101
阿含部	02	第2巻	佛説五蘊皆空經	T0102
阿含部	02	第2巻	佛説聖法印經	T0103
阿含部	02	第2巻	佛説法印經	T0104
阿含部	02	第2巻	五陰譬喩經	T0105
阿含部	02	第2巻	佛説水沫所漂經	T0106
阿含部	02	第2巻	佛説不自守意經	T0107
阿含部	02	第2巻	佛説滿願子經	T0108
阿含部	02	第2巻	佛説轉法輪經	T0109
阿含部	02	第2巻	佛説三轉法輪經	T0110
阿含部	02	第2巻	佛説相應相可經	T0111
阿含部	02	第2巻	佛説八正道經	T0112
阿含部	02	第2巻	佛説難提釋經	T0113
阿含部	02	第2巻	佛説馬有三相經	T0114
阿含部	02	第2巻	佛説馬有八態譬人經	T0115
阿含部	02	第2巻	佛説戒徳香經	T0116
阿含部	02	第2巻	佛説戒香經	T0117
阿含部	02	第2巻	佛説鴦掘摩經	T0118
阿含部	02	第2巻	鴦崛髻經	T0119
阿含部	02	第2巻	央掘魔羅經	T0120
阿含部	02	第2巻	佛説月喩經	T0121
阿含部	02	第2巻	波斯匿王太后崩塵土坌身經	T0122
阿含部	02	第2巻	佛説放牛經	T0123
阿含部	02	第2巻	縁起經	T0124
阿含部	02	第2巻	増一阿含經	T0125
阿含部	02	第2巻	佛説阿羅漢具徳經	T0126
阿含部	02	第2巻	佛説四人出現世間經	T0127
阿含部	02	第2巻	須摩提女經	T0128
阿含部	02	第2巻	佛説三摩竭經	T0129
阿含部	02	第2巻	佛説給孤長者女得度因縁經	T0130
阿含部	02	第2巻	佛説婆羅門避死經	T0131
阿含部	02	第2巻	佛説食施獲五福報經	T0132
阿含部	02	第2巻	頻毘娑羅王詣佛供養經	T0133
阿含部	02	第2巻	佛説長者子六過出家經	T0134
阿含部	02	第2巻	佛説力士移山經	T0135
阿含部	02	第2巻	佛説四未曾有法經	T0136
阿含部	02	第2巻	舍利弗摩訶目連遊四衢經	T0137
阿含部	02	第2巻	佛説十一想思念如來經	T0138
阿含部	02	第2巻	佛説四泥犁經	T0139
阿含部	02	第2巻	阿那邠邸化七子經	T0140
阿含部	02	第2巻	佛説阿遬達經	T0141
阿含部	02	第2巻	佛説玉耶女經	T0142
阿含部	02	第2巻	玉耶經	T0143
阿含部	02	第2巻	佛説大愛道般泥洹經	T0144
阿含部	02	第2巻	佛母般泥洹經	T0145
阿含部	02	第2巻	舍衞國王夢見十事經	T0146
阿含部	02	第2巻	佛説舍衞國王十夢經	T0147
阿含部	02	第2巻	國王不梨先泥十夢經	T0148
阿含部	02	第2巻	佛説阿難同學經	T0149
阿含部	02	第2巻	佛説七處三觀經	T0150A
阿含部	02	第2巻	佛説九横經	T0150B
阿含部	02	第2巻	佛説阿含正行經	T0151
本縁部	03	第3巻	六度集經	T0152
本縁部	03	第3巻	菩薩本縁經	T0153
本縁部	03	第3巻	生經	T0154
本縁部	03	第3巻	佛説菩薩本行經	T0155
本縁部	03	第3巻	大方便佛報恩經	T0156
本縁部	03	第3巻	悲華經	T0157
本縁部	03	第3巻	大乘悲分陀利經	T0158
本縁部	03	第3巻	大乘本生心地觀經	T0159
本縁部	03	第3巻	菩薩本生鬘論	T0160
本縁部	03	第3巻	長壽王經	T0161
本縁部	03	第3巻	金色王經	T0162
本縁部	03	第3巻	妙色王因緣經	T0163
本縁部	03	第3巻	師子素馱娑王斷肉經	T0164
本縁部	03	第3巻	佛説頂生王因縁經	T0165
本縁部	03	第3巻	佛説月光菩薩經	T0166
本縁部	03	第3巻	佛説太子慕魄經	T0167
本縁部	03	第3巻	佛説太子墓魄經	T0168
本縁部	03	第3巻	佛説月明菩薩經	T0169
本縁部	03	第3巻	佛説徳光太子經	T0170
本縁部	03	第3巻	太子須大拏經	T0171
本縁部	03	第3巻	佛説菩薩投身飴餓虎起塔因縁經	T0172
本縁部	03	第3巻	佛説福力太子因縁經	T0173
本縁部	03	第3巻	佛説菩薩睒子經	T0174
本縁部	03	第3巻	佛説睒子經	T0175
本縁部	03	第3巻	佛説師子月佛本生經	T0176
本縁部	03	第3巻	佛説大意經	T0177
本縁部	03	第3巻	前世三轉經	T0178
本縁部	03	第3巻	銀色女經	T0179
本縁部	03	第3巻	佛説過去世佛分衞經	T0180
本縁部	03	第3巻	佛説九色鹿經	T0181
本縁部	03	第3巻	佛説鹿母經	T0182
本縁部	03	第3巻	一切智光明仙人慈心因縁不食肉經	T0183
本縁部	03	第3巻	修行本起經	T0184
本縁部	03	第3巻	佛説太子瑞應本起經	T0185
本縁部	03	第3巻	佛説普曜經	T0186
本縁部	03	第3巻	方廣大莊嚴經	T0187
本縁部	03	第3巻	異出菩薩本起經	T0188
本縁部	03	第3巻	過去現在因果經	T0189
本縁部	03	第3巻	佛本行集經	T0190
本縁部	03	第3巻	佛説衆許摩訶帝經	T0191
本縁部	04	第4巻	佛所行讃	T0192
本縁部	04	第4巻	佛本行經	T0193
本縁部	04	第4巻	僧伽羅刹所集經	T0194
本縁部	04	第4巻	佛説十二遊經	T0195
本縁部	04	第4巻	中本起經	T0196
本縁部	04	第4巻	佛説興起行經	T0197
本縁部	04	第4巻	佛説義足經	T0198
本縁部	04	第4巻	佛五百弟子自説本起經	T0199
本縁部	04	第4巻	撰集百縁經	T0200
本縁部	04	第4巻	大莊嚴論經	T0201
本縁部	04	第4巻	賢愚經	T0202
本縁部	04	第4巻	雜寶藏經	T0203
本縁部	04	第4巻	雜譬喩經	T0204
本縁部	04	第4巻	雜譬喩經	T0205
本縁部	04	第4巻	舊雜譬喩經	T0206
本縁部	04	第4巻	雜讐喩經	T0207
本縁部	04	第4巻	衆經撰雜譬喩	T0208
本縁部	04	第4巻	百喩經	T0209
本縁部	04	第4巻	法句經	T0210
本縁部	04	第4巻	法句譬喩經	T0211
本縁部	04	第4巻	出曜經	T0212
本縁部	04	第4巻	法集要頌經	T0213
本縁部	04	第4巻	佛説猘狗經	T0214
本縁部	04	第4巻	佛説群牛譬經	T0215
本縁部	04	第4巻	佛説大魚事經	T0216
本縁部	04	第4巻	佛説譬喩經	T0217
本縁部	04	第4巻	佛説灌頂王喩經	T0218
本縁部	04	第4巻	佛説醫喩經	T0219
般若部	05	第5巻	大般若波羅蜜多經	T0220
般若部	06	第6巻	大般若波羅蜜多經	T0220
般若部	07	第7巻	大般若波羅蜜多經	T0220
般若部	08	第8巻	放光般若經	T0221
般若部	08	第8巻	光讃經	T0222
般若部	08	第8巻	摩訶般若波羅蜜經	T0223
般若部	08	第8巻	道行般若經	T0224
般若部	08	第8巻	大明度經	T0225
般若部	08	第8巻	摩訶般若鈔經	T0226
般若部	08	第8巻	小品般若波羅蜜經	T0227
般若部	08	第8巻	佛母出生三法藏般若波羅蜜多經	T0228
般若部	08	第8巻	佛説佛母寶徳藏般若波羅蜜經	T0229
般若部	08	第8巻	聖八千頌般若波羅蜜多一百八名眞實圓義陀羅尼經	T0230
般若部	08	第8巻	勝天王般若波羅蜜經	T0231
般若部	08	第8巻	文殊師利所説摩訶般若波羅蜜經	T0232
般若部	08	第8巻	文殊師利所説般若波羅蜜經	T0233
般若部	08	第8巻	佛説濡首菩薩無上清淨分衞經	T0234
般若部	08	第8巻	金剛般若波羅蜜經	T0235
般若部	08	第8巻	金剛般若波羅蜜經	T0236
般若部	08	第8巻	金剛般若波羅蜜經	T0237
般若部	08	第8巻	金剛能斷般若波羅蜜經	T0238
般若部	08	第8巻	佛説能斷金剛般若波羅蜜多經	T0239
般若部	08	第8巻	實相般若波羅蜜經	T0240
般若部	08	第8巻	金剛頂瑜伽理趣般若經	T0241
般若部	08	第8巻	佛説遍照般若波羅蜜經	T0242
般若部	08	第8巻	大樂金剛不空眞實三麼耶經	T0243
般若部	08	第8巻	佛説最上根本大樂金剛不空三昧大教王經	T0244
般若部	08	第8巻	佛説仁王般若波羅蜜經	T0245
般若部	08	第8巻	仁王護國般若波羅蜜多經	T0246
般若部	08	第8巻	佛説了義般若波羅蜜多經	T0247
般若部	08	第8巻	佛説五十頌聖般若波羅蜜經	T0248
般若部	08	第8巻	佛説帝釋般若波羅蜜多心經	T0249
般若部	08	第8巻	摩訶般若波羅蜜大明呪經	T0250
般若部	08	第8巻	般若波羅蜜多心經	T0251
般若部	08	第8巻	普遍智藏般若波羅蜜多心經	T0252
般若部	08	第8巻	般若波羅蜜多心經	T0253
般若部	08	第8巻	般若波羅蜜多心經	T0254
般若部	08	第8巻	般若波羅蜜多心經	T0255
般若部	08	第8巻	唐梵翻對字音般若波羅蜜多心經	T0256
般若部	08	第8巻	佛説聖佛母般若波羅蜜多經	T0257
般若部	08	第8巻	聖佛母小字般若波羅蜜多經	T0258
般若部	08	第8巻	佛説觀想佛母般若波羅蜜多菩薩經	T0259
般若部	08	第8巻	佛説開覺自性般若波羅蜜多經	T0260
般若部	08	第8巻	大乘理趣六波羅蜜多經	T0261
法華部・華嚴部	09	第9巻	妙法蓮華經	T0262
法華部・華嚴部	09	第9巻	正法華經	T0263
法華部・華嚴部	09	第9巻	添品妙法蓮華經	T0264
法華部・華嚴部	09	第9巻	薩曇分陀利經	T0265
法華部・華嚴部	09	第9巻	佛説阿惟越致遮經	T0266
法華部・華嚴部	09	第9巻	不退轉法輪經	T0267
法華部・華嚴部	09	第9巻	佛説廣博嚴淨不退轉輪經	T0268
法華部・華嚴部	09	第9巻	佛説法華三昧經	T0269
法華部・華嚴部	09	第9巻	大法鼓經	T0270
法華部・華嚴部	09	第9巻	佛説菩薩行方便境界神通變化經	T0271
法華部・華嚴部	09	第9巻	大薩遮尼乾子所説經	T0272
法華部・華嚴部	09	第9巻	金剛三昧經	T0273
法華部・華嚴部	09	第9巻	佛説濟諸方等學經	T0274
法華部・華嚴部	09	第9巻	大乘方廣總持經	T0275
法華部・華嚴部	09	第9巻	無量義經	T0276
法華部・華嚴部	09	第9巻	佛説觀普賢菩薩行法經	T0277
法華部・華嚴部	09	第9巻	大方廣佛華嚴經	T0278
法華部・華嚴部	10	第10巻	大方廣佛華嚴經	T0279
法華部・華嚴部	10	第10巻	佛説兜沙經	T0280
法華部・華嚴部	10	第10巻	佛説菩薩本業經	T0281
法華部・華嚴部	10	第10巻	諸菩薩求佛本業經	T0282
法華部・華嚴部	10	第10巻	菩薩十住行道品	T0283
法華部・華嚴部	10	第10巻	佛説菩薩十住經	T0284
法華部・華嚴部	10	第10巻	漸備一切智徳經	T0285
法華部・華嚴部	10	第10巻	十住經	T0286
法華部・華嚴部	10	第10巻	佛説十地經	T0287
法華部・華嚴部	10	第10巻	等目菩薩所問三昧經	T0288
法華部・華嚴部	10	第10巻	顯無邊佛土功徳經	T0289
法華部・華嚴部	10	第10巻	佛説較量一切佛刹功徳經	T0290
法華部・華嚴部	10	第10巻	佛説如來興顯經	T0291
法華部・華嚴部	10	第10巻	度世品經	T0292
法華部・華嚴部	10	第10巻	大方廣佛華嚴經	T0293
法華部・華嚴部	10	第10巻	佛説羅摩伽經	T0294
法華部・華嚴部	10	第10巻	大方廣佛華嚴經入法界品	T0295
法華部・華嚴部	10	第10巻	文殊師利發願經	T0296
法華部・華嚴部	10	第10巻	普賢菩薩行願讃	T0297
法華部・華嚴部	10	第10巻	大方廣普賢所説經	T0298
法華部・華嚴部	10	第10巻	大方廣總持寶光明經	T0299
法華部・華嚴部	10	第10巻	大方廣佛華嚴經不思議佛境界分	T0300
法華部・華嚴部	10	第10巻	大方廣如來不思議境界經	T0301
法華部・華嚴部	10	第10巻	度諸佛境界智光嚴經	T0302
法華部・華嚴部	10	第10巻	佛華嚴入如來徳智不思議境界經	T0303
法華部・華嚴部	10	第10巻	大方廣入如來智徳不思議經	T0304
法華部・華嚴部	10	第10巻	信力入印法門經	T0305
法華部・華嚴部	10	第10巻	大方廣佛花嚴經修慈分	T0306
法華部・華嚴部	10	第10巻	佛説莊嚴菩提心經	T0307
法華部・華嚴部	10	第10巻	佛説大方廣菩薩十地經	T0308
法華部・華嚴部	10	第10巻	最勝問菩薩十住除垢斷結經	T0309
寶積部・涅槃部	11	第11巻	大寶積經	T0310
寶積部・涅槃部	11	第11巻	大方廣三戒經	T0311
寶積部・涅槃部	11	第11巻	佛説如來不思議祕密大乘經	T0312
寶積部・涅槃部	11	第11巻	阿閦佛國經	T0313
寶積部・涅槃部	11	第11巻	佛説大乘十法經	T0314
寶積部・涅槃部	11	第11巻	佛説普門品經	T0315
寶積部・涅槃部	11	第11巻	佛説大乘菩薩藏正法經	T0316
寶積部・涅槃部	11	第11巻	佛説胞胎經	T0317
寶積部・涅槃部	11	第11巻	文殊師利佛土嚴淨經	T0318
寶積部・涅槃部	11	第11巻	大聖文殊師利菩薩佛刹功徳莊嚴經	T0319
寶積部・涅槃部	11	第11巻	父子合集經	T0320
寶積部・涅槃部	12	第12巻	佛説護國尊者所問大乘經	T0321
寶積部・涅槃部	12	第12巻	法鏡經	T0322
寶積部・涅槃部	12	第12巻	郁迦羅越問菩薩行經	T0323
寶積部・涅槃部	12	第12巻	佛説幻士仁賢經	T0324
寶積部・涅槃部	12	第12巻	佛説決定毘尼經	T0325
寶積部・涅槃部	12	第12巻	佛説三十五佛名禮懺文	T0326
寶積部・涅槃部	12	第12巻	發覺淨心經	T0327
寶積部・涅槃部	12	第12巻	佛説須頼經	T0328
寶積部・涅槃部	12	第12巻	佛説須頼經	T0329
寶積部・涅槃部	12	第12巻	佛説菩薩修行經	T0330
寶積部・涅槃部	12	第12巻	佛説無畏授所問大乘經	T0331
寶積部・涅槃部	12	第12巻	佛説優填王經	T0332
寶積部・涅槃部	12	第12巻	佛説大乘日子王所問經	T0333
寶積部・涅槃部	12	第12巻	佛説須摩提菩薩經	T0334
寶積部・涅槃部	12	第12巻	佛説須摩提菩薩經	T0335
寶積部・涅槃部	12	第12巻	須摩提經	T0336
寶積部・涅槃部	12	第12巻	佛説阿闍貰王女阿術達菩薩經	T0337
寶積部・涅槃部	12	第12巻	佛説離垢施女經	T0338
寶積部・涅槃部	12	第12巻	得無垢女經	T0339
寶積部・涅槃部	12	第12巻	文殊師利所説不思議佛境界經	T0340
寶積部・涅槃部	12	第12巻	聖善住意天子所問經	T0341
寶積部・涅槃部	12	第12巻	佛説如幻三昧經	T0342
寶積部・涅槃部	12	第12巻	佛説太子刷護經	T0343
寶積部・涅槃部	12	第12巻	佛説太子和休經	T0344
寶積部・涅槃部	12	第12巻	慧上菩薩問大善權經	T0345
寶積部・涅槃部	12	第12巻	佛説大方廣善巧方便經	T0346
寶積部・涅槃部	12	第12巻	大乘顯識經	T0347
寶積部・涅槃部	12	第12巻	佛説大乘方等要慧經	T0348
寶積部・涅槃部	12	第12巻	彌勒菩薩所問本願經	T0349
寶積部・涅槃部	12	第12巻	佛説遺日摩尼寶經	T0350
寶積部・涅槃部	12	第12巻	佛説摩訶衍寶嚴經	T0351
寶積部・涅槃部	12	第12巻	佛説大迦葉問大寶積正法經	T0352
寶積部・涅槃部	12	第12巻	勝鬘師子吼一乘大方便方廣經	T0353
寶積部・涅槃部	12	第12巻	毘耶娑問經	T0354
寶積部・涅槃部	12	第12巻	入法界體性經	T0355
寶積部・涅槃部	12	第12巻	佛説寶積三昧文殊師利菩薩問法身經	T0356
寶積部・涅槃部	12	第12巻	如來莊嚴智慧光明入一切佛境界經	T0357
寶積部・涅槃部	12	第12巻	度一切諸佛境界智嚴經	T0358
寶積部・涅槃部	12	第12巻	佛説大乘入諸佛境界智光明莊嚴經	T0359
寶積部・涅槃部	12	第12巻	佛説無量壽經	T0360
寶積部・涅槃部	12	第12巻	佛説無量清淨平等覺經	T0361
寶積部・涅槃部	12	第12巻	阿彌陀三耶三佛薩樓佛檀過度人道經	T0362
寶積部・涅槃部	12	第12巻	佛説大乘無量壽莊嚴經	T0363
寶積部・涅槃部	12	第12巻	佛説大阿彌陀經	T0364
寶積部・涅槃部	12	第12巻	佛説觀無量壽佛經	T0365
寶積部・涅槃部	12	第12巻	佛説阿彌陀經	T0366
寶積部・涅槃部	12	第12巻	稱讃淨土佛攝受經	T0367
寶積部・涅槃部	12	第12巻	拔一切業障根本得生淨土神呪/附、阿彌陀經不思議神力傳	T0368
寶積部・涅槃部	12	第12巻	阿彌陀佛説呪	T0369
寶積部・涅槃部	12	第12巻	阿彌陀鼓音聲王陀羅尼經	T0370
寶積部・涅槃部	12	第12巻	觀世音菩薩授記經	T0371
寶積部・涅槃部	12	第12巻	佛説如幻三摩地無量印法門經	T0372
寶積部・涅槃部	12	第12巻	後出阿彌陀佛偈	T0373
寶積部・涅槃部	12	第12巻	大般涅槃經	T0374
寶積部・涅槃部	12	第12巻	大般涅槃經	T0375
寶積部・涅槃部	12	第12巻	佛説大般泥洹經	T0376
寶積部・涅槃部	12	第12巻	大般涅槃經後分	T0377
寶積部・涅槃部	12	第12巻	佛説方等般泥洹經	T0378
寶積部・涅槃部	12	第12巻	四童子三昧經	T0379
寶積部・涅槃部	12	第12巻	大悲經	T0380
寶積部・涅槃部	12	第12巻	等集衆徳三昧經	T0381
寶積部・涅槃部	12	第12巻	集一切福徳三昧經	T0382
寶積部・涅槃部	12	第12巻	摩訶摩耶經	T0383
寶積部・涅槃部	12	第12巻	菩薩從兜術天降神母胎説廣普經	T0384
寶積部・涅槃部	12	第12巻	中陰經	T0385
寶積部・涅槃部	12	第12巻	蓮華面經	T0386
寶積部・涅槃部	12	第12巻	大方等無想經	T0387
寶積部・涅槃部	12	第12巻	大雲無想經	T0388
寶積部・涅槃部	12	第12巻	佛垂般涅槃略説教誡經	T0389
寶積部・涅槃部	12	第12巻	佛臨涅槃記法住經	T0390
寶積部・涅槃部	12	第12巻	般泥洹後灌臘經	T0391
寶積部・涅槃部	12	第12巻	佛滅度後棺斂葬送經	T0392
寶積部・涅槃部	12	第12巻	迦葉赴佛般涅槃經	T0393
寶積部・涅槃部	12	第12巻	佛入涅槃密迹金剛力士哀戀經	T0394
寶積部・涅槃部	12	第12巻	佛説當來變經	T0395
寶積部・涅槃部	12	第12巻	佛説法滅盡經	T0396
大集部	13	第13巻	大方等大集經	T0397
大集部	13	第13巻	大哀經	T0398
大集部	13	第13巻	寶女所問經	T0399
大集部	13	第13巻	佛説海意菩薩所問淨印法門經	T0400
大集部	13	第13巻	佛説無言童子經	T0401
大集部	13	第13巻	寶星陀羅尼經	T0402
大集部	13	第13巻	阿差末菩薩經	T0403
大集部	13	第13巻	大集大虚空藏菩薩所問經	T0404
大集部	13	第13巻	虚空藏菩薩經	T0405
大集部	13	第13巻	佛説虚空藏菩薩神呪經	T0406
大集部	13	第13巻	虚空藏菩薩神呪經	T0407
大集部	13	第13巻	虚空孕菩薩經	T0408
大集部	13	第13巻	觀虚空藏菩薩經	T0409
大集部	13	第13巻	大方廣十輪經	T0410
大集部	13	第13巻	大乘大集地藏十輪經	T0411
大集部	13	第13巻	地藏菩薩本願經	T0412
大集部	13	第13巻	百千頌大集經地藏菩薩請問法身讃	T0413
大集部	13	第13巻	菩薩念佛三昧經	T0414
大集部	13	第13巻	大方等大集經菩薩念佛三昧分	T0415
大集部	13	第13巻	大方等大集經賢護分	T0416
大集部	13	第13巻	佛説般舟三昧經	T0417
大集部	13	第13巻	般舟三昧經	T0418
大集部	13	第13巻	拔陂菩薩經	T0419
大集部	13	第13巻	自在王菩薩經	T0420
大集部	13	第13巻	奮迅王問經	T0421
大集部	13	第13巻	大集譬喩王經	T0422
大集部	13	第13巻	僧伽吒經	T0423
大集部	13	第13巻	佛説大集會正法經	T0424
經集部	14	第14巻	賢劫經	T0425
經集部	14	第14巻	佛説千佛因縁經	T0426
經集部	14	第14巻	佛説八吉祥神呪經	T0427
經集部	14	第14巻	佛説八陽神呪經	T0428
經集部	14	第14巻	佛説八部佛名經	T0429
經集部	14	第14巻	八吉祥經	T0430
經集部	14	第14巻	八佛名號經	T0431
經集部	14	第14巻	佛説十吉祥經	T0432
經集部	14	第14巻	佛説寶網經	T0433
經集部	14	第14巻	佛説稱揚諸佛功徳經	T0434
經集部	14	第14巻	佛説滅十方冥經	T0435
經集部	14	第14巻	受持七佛名號所生功徳經	T0436
經集部	14	第14巻	大乘寶月童子問法經	T0437
經集部	14	第14巻	佛説大乘大方廣佛冠經	T0438
經集部	14	第14巻	佛説諸佛經	T0439
經集部	14	第14巻	佛説佛名經	T0440
經集部	14	第14巻	佛説佛名經	T0441
經集部	14	第14巻	十方千五百佛名經	T0442
經集部	14	第14巻	五千五百佛名神呪除障滅罪經	T0443
經集部	14	第14巻	佛説百佛名經	T0444
經集部	14	第14巻	佛説不思議功徳諸佛所護念經	T0445
經集部	14	第14巻	過去莊嚴劫千佛名經/附、卷首三劫三千佛縁起	T0446
經集部	14	第14巻	現在賢劫千佛名經	T0447
經集部	14	第14巻	未來星宿劫千佛名經	T0448
經集部	14	第14巻	佛説藥師如來本願經	T0449
經集部	14	第14巻	藥師琉璃光如來本願功徳經	T0450
經集部	14	第14巻	藥師琉璃光七佛本願功徳經	T0451
經集部	14	第14巻	佛説觀彌勒菩薩上生兜率天經	T0452
經集部	14	第14巻	佛説彌勒下生經	T0453
經集部	14	第14巻	佛説彌勒下生成佛經	T0454
經集部	14	第14巻	佛説彌勒下生成佛經	T0455
經集部	14	第14巻	佛説彌勒大成佛經	T0456
經集部	14	第14巻	佛説彌勒來時經	T0457
經集部	14	第14巻	文殊師利問菩薩署經	T0458
經集部	14	第14巻	佛説文殊悔過經	T0459
經集部	14	第14巻	佛説文殊師利淨律經	T0460
經集部	14	第14巻	佛説文殊師利現寶藏經	T0461
經集部	14	第14巻	大方廣寶篋經	T0462
經集部	14	第14巻	佛説文殊師利般涅槃經	T0463
經集部	14	第14巻	文殊師利問菩提經	T0464
經集部	14	第14巻	伽耶山頂經	T0465
經集部	14	第14巻	佛説象頭精舍經	T0466
經集部	14	第14巻	大乘伽耶山頂經	T0467
經集部	14	第14巻	文殊師利問經	T0468
經集部	14	第14巻	文殊問經字母品第十四	T0469
經集部	14	第14巻	佛説文殊師利巡行經	T0470
經集部	14	第14巻	佛説文殊尸利行經	T0471
經集部	14	第14巻	佛説大乘善見變化文殊師利問法經	T0472
經集部	14	第14巻	佛説妙吉祥菩薩所問大乘法螺經	T0473
經集部	14	第14巻	佛説維摩詰經	T0474
經集部	14	第14巻	維摩詰所説經	T0475
經集部	14	第14巻	説無垢稱經	T0476
經集部	14	第14巻	佛説大方等頂王經	T0477
經集部	14	第14巻	大乘頂王經	T0478
經集部	14	第14巻	善思童子經	T0479
經集部	14	第14巻	佛説月上女經	T0480
經集部	14	第14巻	持人菩薩經	T0481
經集部	14	第14巻	持世經	T0482
經集部	14	第14巻	三曼陀跋陀羅菩薩經	T0483
經集部	14	第14巻	不思議光菩薩所説經	T0484
經集部	14	第14巻	無所有菩薩經	T0485
經集部	14	第14巻	師子莊嚴王菩薩請問經	T0486
經集部	14	第14巻	離垢慧菩薩所問禮佛法經	T0487
經集部	14	第14巻	寶授菩薩菩提行經	T0488
經集部	14	第14巻	佛説除蓋障菩薩所問經	T0489
經集部	14	第14巻	佛説八大菩薩經	T0490
經集部	14	第14巻	六菩薩亦當誦持經	T0491
經集部	14	第14巻	佛説阿難問事佛吉凶經	T0492
經集部	14	第14巻	佛説阿難四事經	T0493
經集部	14	第14巻	阿難七夢經	T0494
經集部	14	第14巻	佛説阿難分別經	T0495
經集部	14	第14巻	佛説大迦葉本經	T0496
經集部	14	第14巻	佛説摩訶迦葉度貧母經	T0497
經集部	14	第14巻	佛説初分説經	T0498
經集部	14	第14巻	佛爲阿支羅迦葉自化作苦經	T0499
經集部	14	第14巻	羅云忍辱經	T0500
經集部	14	第14巻	佛説沙曷比丘功徳經	T0501
經集部	14	第14巻	佛爲年少比丘説正事經	T0502
經集部	14	第14巻	比丘避女惡名欲自殺經	T0503
經集部	14	第14巻	比丘聽施經	T0504
經集部	14	第14巻	佛説隨勇尊者經	T0505
經集部	14	第14巻	犍陀國王經	T0506
經集部	14	第14巻	佛説未生寃經	T0507
經集部	14	第14巻	阿闍世王問五逆經	T0508
經集部	14	第14巻	阿闍世王授決經	T0509
經集部	14	第14巻	採花違王上佛授決號妙花經	T0510
經集部	14	第14巻	佛説蓱沙王五願經	T0511
經集部	14	第14巻	佛説淨飯王般涅槃經	T0512
經集部	14	第14巻	佛説琉璃王經	T0513
經集部	14	第14巻	佛説諫王經	T0514
經集部	14	第14巻	如來示教勝軍王經	T0515
經集部	14	第14巻	佛説勝軍王所問經	T0516
經集部	14	第14巻	佛説末羅王經	T0517
經集部	14	第14巻	佛説旃陀越國王經	T0518
經集部	14	第14巻	佛説摩達國王經	T0519
經集部	14	第14巻	佛説薩羅國經	T0520
經集部	14	第14巻	佛説梵摩難國王經	T0521
經集部	14	第14巻	普達王經	T0522
經集部	14	第14巻	佛説五王經	T0523
經集部	14	第14巻	佛爲優填王説王法政論經	T0524
經集部	14	第14巻	佛説長者子懊惱三處經	T0525
經集部	14	第14巻	佛説長者子制經	T0526
經集部	14	第14巻	佛説逝童子經	T0527
經集部	14	第14巻	佛説菩薩逝經	T0528
經集部	14	第14巻	佛説阿鳩留經	T0529
經集部	14	第14巻	佛説須摩提長者經	T0530
經集部	14	第14巻	佛説長者音悦經	T0531
經集部	14	第14巻	私呵昧經	T0532
經集部	14	第14巻	菩薩生地經	T0533
經集部	14	第14巻	佛説月光童子經	T0534
經集部	14	第14巻	佛説申日經	T0535
經集部	14	第14巻	申日兒本經	T0536
經集部	14	第14巻	佛説越難經	T0537
經集部	14	第14巻	佛説呵雕阿那鋡經	T0538
經集部	14	第14巻	盧至長者因縁經	T0539
經集部	14	第14巻	佛説樹提伽經	T0540
經集部	14	第14巻	佛説佛大僧大經	T0541
經集部	14	第14巻	佛説耶祇經	T0542
經集部	14	第14巻	佛説巨力長者所問大乘經	T0543
經集部	14	第14巻	辯意長者子經	T0544
經集部	14	第14巻	佛説徳護長者經	T0545
經集部	14	第14巻	佛説金耀童子經	T0546
經集部	14	第14巻	大花嚴長者問佛那羅延力經	T0547
經集部	14	第14巻	佛説金光王童子經	T0548
經集部	14	第14巻	佛説光明童子因縁經	T0549
經集部	14	第14巻	金色童子因縁經	T0550
經集部	14	第14巻	佛説摩鄧女經	T0551
經集部	14	第14巻	佛説摩登女解形中六事經	T0552
經集部	14	第14巻	佛説㮈女祇域因縁經	T0553
經集部	14	第14巻	佛説柰女耆婆經	T0554
經集部	14	第14巻	五母子經	T0555
經集部	14	第14巻	佛説七女經	T0556
經集部	14	第14巻	佛説龍施女經	T0557
經集部	14	第14巻	佛説龍施菩薩本起經	T0558
經集部	14	第14巻	佛説老女人經	T0559
經集部	14	第14巻	佛説老母女六英經	T0560
經集部	14	第14巻	佛説老母經	T0561
經集部	14	第14巻	佛説無垢賢女經	T0562
經集部	14	第14巻	佛説腹中女聽經	T0563
經集部	14	第14巻	佛説轉女身經	T0564
經集部	14	第14巻	順權方便經	T0565
經集部	14	第14巻	樂瓔珞莊嚴方便品經	T0566
經集部	14	第14巻	佛説梵志女首意經	T0567
經集部	14	第14巻	有徳女所問大乘經	T0568
經集部	14	第14巻	佛説心明經	T0569
經集部	14	第14巻	佛説賢首經	T0570
經集部	14	第14巻	佛説婦人遇辜經	T0571
經集部	14	第14巻	佛説長者法志妻經	T0572
經集部	14	第14巻	差摩婆帝授記經	T0573
經集部	14	第14巻	佛説堅固女經	T0574
經集部	14	第14巻	佛説大方等修多羅王經	T0575
經集部	14	第14巻	佛説轉有經	T0576
經集部	14	第14巻	佛説大乘流轉諸有經	T0577
經集部	14	第14巻	無垢優婆夷問經	T0578
經集部	14	第14巻	優婆夷淨行法門經	T0579
經集部	14	第14巻	佛説長者女菴提遮師子吼了義經	T0580
經集部	14	第14巻	佛説八師經	T0581
經集部	14	第14巻	佛説孫多耶致經	T0582
經集部	14	第14巻	佛説黑氏梵志經	T0583
經集部	14	第14巻	長爪梵志請問經	T0584
經集部	15	第15巻	持心梵天所問經	T0585
經集部	15	第15巻	思益梵天所問經	T0586
經集部	15	第15巻	勝思惟梵天所問經	T0587
經集部	15	第15巻	佛説須眞天子經	T0588
經集部	15	第15巻	佛説魔逆經	T0589
經集部	15	第15巻	佛説四天王經	T0590
經集部	15	第15巻	商主天子所問經	T0591
經集部	15	第15巻	天請問經	T0592
經集部	15	第15巻	佛爲勝光天子説王法經	T0593
經集部	15	第15巻	佛説大自在天子因地經	T0594
經集部	15	第15巻	佛説嗟韈曩法天子受三歸依獲免惡道經	T0595
經集部	15	第15巻	佛説天王太子辟羅經	T0596
經集部	15	第15巻	龍王兄弟經	T0597
經集部	15	第15巻	佛説海龍王經	T0598
經集部	15	第15巻	佛為海龍王説法印經	T0599
經集部	15	第15巻	十善業道經	T0600
經集部	15	第15巻	佛爲娑伽羅龍王所説大乘經	T0601
經集部	15	第15巻	佛説大安般守意經	T0602
經集部	15	第15巻	陰持入經	T0603
經集部	15	第15巻	佛説禪行三十七品經	T0604
經集部	15	第15巻	禪行法想經	T0605
經集部	15	第15巻	修行道地經	T0606
經集部	15	第15巻	道地經	T0607
經集部	15	第15巻	小道地經	T0608
經集部	15	第15巻	禪要經	T0609
經集部	15	第15巻	佛説内身觀章句經	T0610
經集部	15	第15巻	法觀經	T0611
經集部	15	第15巻	身觀經	T0612
經集部	15	第15巻	禪祕要法經	T0613
經集部	15	第15巻	坐禪三昧經	T0614
經集部	15	第15巻	菩薩訶色欲法經	T0615
經集部	15	第15巻	禪法要解	T0616
經集部	15	第15巻	思惟略要法	T0617
經集部	15	第15巻	達摩多羅禪經	T0618
經集部	15	第15巻	五門禪經要用法	T0619
經集部	15	第15巻	治禪病祕要法	T0620
經集部	15	第15巻	佛説佛印三昧經	T0621
經集部	15	第15巻	佛説自誓三昧經	T0622
經集部	15	第15巻	佛説如來獨證自誓三昧經	T0623
經集部	15	第15巻	佛説伅眞陀羅所問如來三昧經	T0624
經集部	15	第15巻	大樹緊那羅王所問經	T0625
經集部	15	第15巻	佛説阿闍世王經	T0626
經集部	15	第15巻	文殊支利普超三昧經	T0627
經集部	15	第15巻	佛説未曾有正法經	T0628
經集部	15	第15巻	佛説放鉢經	T0629
經集部	15	第15巻	佛説成具光明定意經	T0630
經集部	15	第15巻	佛説法律三昧經	T0631
經集部	15	第15巻	佛説慧印三昧經	T0632
經集部	15	第15巻	佛説如來智印經	T0633
經集部	15	第15巻	佛説大乘智印經	T0634
經集部	15	第15巻	佛説弘道廣顯三昧經	T0635
經集部	15	第15巻	無極寶三昧經	T0636
經集部	15	第15巻	佛説寶如來三昧經	T0637
經集部	15	第15巻	佛説超日明三昧經	T0638
經集部	15	第15巻	月燈三昧經	T0639
經集部	15	第15巻	佛説月燈三昧經	T0640
經集部	15	第15巻	佛説月燈三昧經	T0641
經集部	15	第15巻	佛説首楞嚴三昧經	T0642
經集部	15	第15巻	佛説觀佛三昧海經	T0643
經集部	15	第15巻	佛説金剛三昧本性清淨不壞不滅經	T0644
經集部	15	第15巻	不必定入定入印經	T0645
經集部	15	第15巻	入定不定印經	T0646
經集部	15	第15巻	力莊嚴三昧經	T0647
經集部	15	第15巻	寂照神變三摩地經	T0648
經集部	15	第15巻	觀察諸法行經	T0649
經集部	15	第15巻	諸法無行經	T0650
經集部	15	第15巻	佛説諸法本無經	T0651
經集部	15	第15巻	佛説大乘隨轉宣説諸法經	T0652
經集部	15	第15巻	佛藏經	T0653
經集部	15	第15巻	佛説入無分別法門經	T0654
經集部	15	第15巻	佛説勝義空經	T0655
經集部	16	第16巻	菩薩瓔珞經	T0656
經集部	16	第16巻	佛説華手經	T0657
經集部	16	第16巻	寶雲經	T0658
經集部	16	第16巻	大乘寶雲經	T0659
經集部	16	第16巻	佛説寶雨經	T0660
經集部	16	第16巻	大乘百福相經	T0661
經集部	16	第16巻	大乘百福莊嚴相經	T0662
經集部	16	第16巻	金光明經	T0663
經集部	16	第16巻	合部金光明經	T0664
經集部	16	第16巻	金光明最勝王經	T0665
經集部	16	第16巻	大方等如來藏經	T0666
經集部	16	第16巻	大方廣如來藏經	T0667
經集部	16	第16巻	佛説不増不減經	T0668
經集部	16	第16巻	佛説無上依經	T0669
經集部	16	第16巻	楞伽阿跋多羅寶經	T0670
經集部	16	第16巻	入楞伽經	T0671
經集部	16	第16巻	大乘入楞伽經	T0672
經集部	16	第16巻	大乘同性經	T0673
經集部	16	第16巻	證契大乘經	T0674
經集部	16	第16巻	深密解脱經	T0675
經集部	16	第16巻	解深密經	T0676
經集部	16	第16巻	佛説解節經	T0677
經集部	16	第16巻	相續解脱地波羅蜜了義經	T0678
經集部	16	第16巻	相續解脱如來所作隨順處了義經	T0679
經集部	16	第16巻	佛説佛地經	T0680
經集部	16	第16巻	大乘密嚴經	T0681
經集部	16	第16巻	大乘密嚴經	T0682
經集部	16	第16巻	佛説諸徳福田經	T0683
經集部	16	第16巻	佛説父母恩難報經	T0684
經集部	16	第16巻	佛説盂蘭盆經	T0685
經集部	16	第16巻	佛説報恩奉盆經	T0686
經集部	16	第16巻	佛説孝子經	T0687
經集部	16	第16巻	佛説未曾有經	T0688
經集部	16	第16巻	甚希有經	T0689
經集部	16	第16巻	佛説希有校量功徳經	T0690
經集部	16	第16巻	最無比經	T0691
經集部	16	第16巻	佛説作佛形像經	T0692
經集部	16	第16巻	佛説造立形像福報經	T0693
經集部	16	第16巻	佛説大乘造像功徳經	T0694
經集部	16	第16巻	佛説灌洗佛形像經	T0695
經集部	16	第16巻	佛説摩訶刹頭經	T0696
經集部	16	第16巻	佛説浴像功徳經	T0697
經集部	16	第16巻	浴佛功徳經	T0698
經集部	16	第16巻	佛説造塔功徳經	T0699
經集部	16	第16巻	右繞佛塔功徳經	T0700
經集部	16	第16巻	佛説温室洗浴衆僧經	T0701
經集部	16	第16巻	佛説施燈功徳經	T0702
經集部	16	第16巻	燈指因縁經	T0703
經集部	16	第16巻	佛説樓閣正法甘露鼓經	T0704
經集部	16	第16巻	佛説布施經	T0705
經集部	16	第16巻	佛説五大施經	T0706
經集部	16	第16巻	佛説出家功徳經	T0707
經集部	16	第16巻	了本生死經	T0708
經集部	16	第16巻	佛説稻芋經	T0709
經集部	16	第16巻	慈氏菩薩所説大乘縁生稻𦼮喩經	T0710
經集部	16	第16巻	大乘舍黎娑擔摩經	T0711
經集部	16	第16巻	佛説大乘稻芋經	T0712
經集部	16	第16巻	貝多樹下思惟十二因縁經	T0713
經集部	16	第16巻	縁起聖道經	T0714
經集部	16	第16巻	佛説舊城喩經	T0715
經集部	16	第16巻	縁生初勝分法本經	T0716
經集部	16	第16巻	分別縁起初勝法門經	T0717
經集部	16	第16巻	佛説分別縁生經	T0718
經集部	16	第16巻	十二縁生祥瑞經	T0719
經集部	16	第16巻	無明羅刹集	T0720
經集部	17	第17巻	正法念處經	T0721
經集部	17	第17巻	妙法聖念處經	T0722
經集部	17	第17巻	分別業報略經	T0723
經集部	17	第17巻	佛説罪業應報教化地獄經	T0724
經集部	17	第17巻	佛説六道伽陀經	T0725
經集部	17	第17巻	六趣輪廻經	T0726
經集部	17	第17巻	十不善業道經	T0727
經集部	17	第17巻	諸法集要經	T0728
經集部	17	第17巻	佛説分別善惡所起經	T0729
經集部	17	第17巻	佛説處處經	T0730
經集部	17	第17巻	佛説十八泥犁經	T0731
經集部	17	第17巻	佛説罵意經	T0732
經集部	17	第17巻	佛説堅意經	T0733
經集部	17	第17巻	佛説鬼問目連經	T0734
經集部	17	第17巻	佛説四願經	T0735
經集部	17	第17巻	佛説四自侵經	T0736
經集部	17	第17巻	所欲致患經	T0737
經集部	17	第17巻	佛説分別經	T0738
經集部	17	第17巻	佛説慢法經	T0739
經集部	17	第17巻	佛説頞多和多耆經	T0740
經集部	17	第17巻	五苦章句經	T0741
經集部	17	第17巻	佛説自愛經	T0742
經集部	17	第17巻	佛説忠心經	T0743
經集部	17	第17巻	佛説除恐災患經	T0744
經集部	17	第17巻	佛説雜藏經	T0745
經集部	17	第17巻	餓鬼報應經	T0746
經集部	17	第17巻	佛説罪福報應經	T0747
經集部	17	第17巻	佛説護淨經	T0748
經集部	17	第17巻	佛説因縁僧護經	T0749
經集部	17	第17巻	沙彌羅經	T0750
經集部	17	第17巻	佛説五無反復經	T0751
經集部	17	第17巻	佛説五無返復經	T0752
經集部	17	第17巻	十二品生死經	T0753
經集部	17	第17巻	佛説未曾有因縁經	T0754
經集部	17	第17巻	佛説淨意優婆塞所問經	T0755
經集部	17	第17巻	佛説八無暇有暇經	T0756
經集部	17	第17巻	佛説身毛喜豎經	T0757
經集部	17	第17巻	佛説諸行有爲經	T0758
經集部	17	第17巻	佛説較量壽命經	T0759
經集部	17	第17巻	惟日雜難經	T0760
經集部	17	第17巻	佛説法集經	T0761
經集部	17	第17巻	佛説決定義經	T0762
經集部	17	第17巻	佛説法乘義決定經	T0763
經集部	17	第17巻	佛説法集名數經	T0764
經集部	17	第17巻	本事經	T0765
經集部	17	第17巻	佛説法身經	T0766
經集部	17	第17巻	佛説三品弟子經	T0767
經集部	17	第17巻	三慧經	T0768
經集部	17	第17巻	佛説四輩經	T0769
經集部	17	第17巻	佛説四不可得經	T0770
經集部	17	第17巻	四品學法經	T0771
經集部	17	第17巻	大乘四法經	T0772
經集部	17	第17巻	佛説菩薩修行四法經	T0773
經集部	17	第17巻	大乘四法經	T0774
經集部	17	第17巻	佛説四無所畏經	T0775
經集部	17	第17巻	佛説四品法門經	T0776
經集部	17	第17巻	佛説賢者五福徳經	T0777
經集部	17	第17巻	佛説菩薩内習六波羅蜜經	T0778
經集部	17	第17巻	佛説八大人覺經	T0779
經集部	17	第17巻	佛説十力經	T0780
經集部	17	第17巻	佛説佛十力經	T0781
經集部	17	第17巻	佛説十號經	T0782
經集部	17	第17巻	佛説十二頭陀經	T0783
經集部	17	第17巻	四十二章經	T0784
經集部	17	第17巻	得道梯橙錫杖經	T0785
經集部	17	第17巻	佛説木槵子經	T0786
經集部	17	第17巻	曼殊室利呪藏中校量數珠功徳經	T0787
經集部	17	第17巻	佛説校量數珠功徳經	T0788
經集部	17	第17巻	金剛頂瑜伽念珠經	T0789
經集部	17	第17巻	佛説孛經抄	T0790
經集部	17	第17巻	佛説出家縁經	T0791
經集部	17	第17巻	佛説法受塵經	T0792
經集部	17	第17巻	佛説佛醫經	T0793
經集部	17	第17巻	佛説時非時經	T0794
經集部	17	第17巻	佛治身經	T0795
經集部	17	第17巻	佛説見正經	T0796
經集部	17	第17巻	佛説貧窮老公經	T0797
經集部	17	第17巻	佛説進學經	T0798
經集部	17	第17巻	佛説略教誡經	T0799
經集部	17	第17巻	佛説無上處經	T0800
經集部	17	第17巻	佛説無常經	T0801
經集部	17	第17巻	佛説信解智力經	T0802
經集部	17	第17巻	佛説清淨心經	T0803
經集部	17	第17巻	佛説解憂經	T0804
經集部	17	第17巻	佛説栴檀樹經	T0805
經集部	17	第17巻	佛説枯樹經	T0806
經集部	17	第17巻	佛説内藏百寶經	T0807
經集部	17	第17巻	佛説犢子經	T0808
經集部	17	第17巻	佛説乳光佛經	T0809
經集部	17	第17巻	諸佛要集經	T0810
經集部	17	第17巻	佛説決定總持經	T0811
經集部	17	第17巻	菩薩行五十縁身經	T0812
經集部	17	第17巻	佛説無希望經	T0813
經集部	17	第17巻	佛説象腋經	T0814
經集部	17	第17巻	佛昇忉利天爲母説法經	T0815
經集部	17	第17巻	佛説道神足無極變化經	T0816
經集部	17	第17巻	佛説大淨法門經	T0817
經集部	17	第17巻	大莊嚴法門經	T0818
經集部	17	第17巻	佛説法常住經	T0819
經集部	17	第17巻	佛説演道俗業經	T0820
經集部	17	第17巻	大方廣如來祕密藏經	T0821
經集部	17	第17巻	佛説諸法勇王經	T0822
經集部	17	第17巻	佛説一切法高王經	T0823
經集部	17	第17巻	諸法最上王經	T0824
經集部	17	第17巻	佛説甚深大迴向經	T0825
經集部	17	第17巻	弟子死復生經	T0826
經集部	17	第17巻	佛説懈怠耕者經	T0827
經集部	17	第17巻	無字寶篋經	T0828
經集部	17	第17巻	大乘離文字普光明藏經	T0829
經集部	17	第17巻	大乘遍照光明藏無字法門經	T0830
經集部	17	第17巻	謗佛經	T0831
經集部	17	第17巻	佛語經	T0832
經集部	17	第17巻	第一義法勝經	T0833
經集部	17	第17巻	大威燈光仙人問疑經	T0834
經集部	17	第17巻	如來師子吼經	T0835
經集部	17	第17巻	大方廣師子吼經	T0836
經集部	17	第17巻	佛説出生菩提心經	T0837
經集部	17	第17巻	佛説發菩提心破諸魔經	T0838
經集部	17	第17巻	占察善惡業報經	T0839
經集部	17	第17巻	稱讃大乘功徳經	T0840
經集部	17	第17巻	説妙法決定業障經	T0841
經集部	17	第17巻	大方廣圓覺修多羅了義經	T0842
經集部	17	第17巻	佛説大乘不思議神通境界經	T0843
經集部	17	第17巻	佛説大方廣未曾有經善巧方便品	T0844
經集部	17	第17巻	佛説尊那經	T0845
經集部	17	第17巻	外道問聖大乘法無我義經	T0846
經集部	17	第17巻	大乘修行菩薩行門諸經要集	T0847
密教部	18	第18巻	大毘盧遮那成佛神變加持經	T0848
密教部	18	第18巻	大毘盧遮那佛説要略念誦經	T0849
密教部	18	第18巻	攝大毘盧遮那成佛神變加持經入蓮華胎藏海會悲生曼荼攞廣大念誦儀軌供養方便會	T0850
密教部	18	第18巻	大毘盧遮那經廣大儀軌	T0851
密教部	18	第18巻	大毘盧遮那成佛神變加持經蓮華胎藏悲生曼荼羅廣大成就儀軌供養方便會	T0852
密教部	18	第18巻	大毘盧遮那成佛神變加持經蓮華胎藏菩提幢標幟普通眞言藏廣大成就瑜伽	T0853
密教部	18	第18巻	胎藏梵字眞言	T0854
密教部	18	第18巻	青龍寺軌記	T0855
密教部	18	第18巻	大毘盧遮那成佛神變加持經略示七支念誦隨行法	T0856
密教部	18	第18巻	大日經略攝念誦隨行法	T0857
密教部	18	第18巻	大毘盧遮那略要速疾門五支念誦法	T0858
密教部	18	第18巻	供養儀式	T0859
密教部	18	第18巻	大日經持誦次第儀軌	T0860
密教部	18	第18巻	毘盧遮那五字眞言修習儀軌	T0861
密教部	18	第18巻	阿闍梨大曼荼攞灌頂儀軌	T0862
密教部	18	第18巻	大毘盧遮那經阿闍梨眞實智品中阿闍梨住阿字觀門	T0863
密教部	18	第18巻	大日如來劍印	T0864A
密教部	18	第18巻	胎藏金剛教法名號	T0864B
密教部	18	第18巻	金剛頂一切如來眞實攝大乘現證大教王經	T0865
密教部	18	第18巻	金剛頂瑜伽中略出念誦經	T0866
密教部	18	第18巻	金剛峯樓閣一切瑜伽瑜祇經	T0867
密教部	18	第18巻	諸佛境界攝眞實經	T0868
密教部	18	第18巻	金剛頂經瑜伽十八會指歸	T0869
密教部	18	第18巻	略述金剛頂瑜伽分別聖位修證法門	T0870
密教部	18	第18巻	金剛頂瑜伽略述三十七尊心要	T0871
密教部	18	第18巻	金剛頂瑜伽三十七尊出生義	T0872
密教部	18	第18巻	金剛頂蓮華部心念誦儀軌	T0873
密教部	18	第18巻	金剛頂一切如來眞實攝大乘現證大教王經	T0874
密教部	18	第18巻	蓮華部心念誦儀軌	T0875
密教部	18	第18巻	金剛頂經瑜伽修習毘盧遮那三摩地法	T0876
密教部	18	第18巻	金剛頂經毘盧遮那一百八尊法身契印	T0877
密教部	18	第18巻	金剛頂經金剛界大道場毘盧遮那如來自受用身内證智眷屬法身異名佛最上乘祕密三摩地禮懺文	T0878
密教部	18	第18巻	金剛頂瑜伽三十七尊禮	T0879
密教部	18	第18巻	瑜伽金剛頂經釋字母品	T0880
密教部	18	第18巻	賢劫十六尊	T0881
密教部	18	第18巻	佛説一切如來眞實攝大乘現證三昧大教王經	T0882
密教部	18	第18巻	佛説祕密三昧大教王經	T0883
密教部	18	第18巻	佛説祕密相經	T0884
密教部	18	第18巻	佛説一切如來金剛三業最上祕密大教王經	T0885
密教部	18	第18巻	佛説金剛場莊嚴般若波羅蜜多教中一分	T0886
密教部	18	第18巻	佛説無二平等最上瑜伽大教王經	T0887
密教部	18	第18巻	一切祕密最上名義大教王儀軌	T0888
密教部	18	第18巻	一切如來大祕密王未曾有最上微妙大曼拏羅經	T0889
密教部	18	第18巻	佛説瑜伽大教王經	T0890
密教部	18	第18巻	佛説幻化網大瑜伽教十忿怒明王大明觀想儀軌經	T0891
密教部	18	第18巻	佛説大悲空智金剛大教王儀軌經	T0892
密教部	18	第18巻	蘇悉地羯羅經	T0893B
密教部	18	第18巻	蘇悉地羯羅經	T0893C
密教部	18	第18巻	蘇悉地羯囉經	T0893
密教部	18	第18巻	蘇悉地羯羅供養法	T0894B
密教部	18	第18巻	蘇悉地羯羅供養法	T0894
密教部	18	第18巻	蘇婆呼童子請問經	T0895
密教部	18	第18巻	妙臂菩薩所問經	T0896
密教部	18	第18巻	蕤呬耶經	T0897
密教部	18	第18巻	佛説毘奈耶經	T0898
密教部	18	第18巻	清淨法身毘盧遮那心地法門成就一切陀羅尼三種悉地	T0899
密教部	18	第18巻	十八契印	T0900
密教部	18	第18巻	陀羅尼集經	T0901
密教部	18	第18巻	總釋陀羅尼義讃	T0902
密教部	18	第18巻	都部陀羅尼目	T0903
密教部	18	第18巻	念誦結護法普通諸部	T0904
密教部	18	第18巻	三種悉地破地獄轉業障出三界祕密陀羅尼法	T0905
密教部	18	第18巻	佛頂尊勝心破地獄轉業障出三界祕密三身佛果三種悉地眞言儀軌	T0906
密教部	18	第18巻	佛頂尊勝心破地獄轉業障出三界祕密陀羅尼	T0907
密教部	18	第18巻	金剛頂瑜伽護摩儀軌	T0908
密教部	18	第18巻	金剛頂瑜伽護摩儀軌	T0909
密教部	18	第18巻	梵天擇地法	T0910
密教部	18	第18巻	建立曼荼羅及揀擇地法	T0911
密教部	18	第18巻	建立曼荼羅護摩儀軌	T0912
密教部	18	第18巻	火𤙖供養儀軌	T0913
密教部	18	第18巻	火吽軌別録	T0914
密教部	18	第18巻	受菩提心戒儀	T0915
密教部	18	第18巻	受五戒八戒文	T0916
密教部	18	第18巻	無畏三藏禪要	T0917
密教部	19	第19巻	諸佛心陀羅尼經	T0918
密教部	19	第19巻	諸佛心印陀羅尼經	T0919
密教部	19	第19巻	佛心經品亦通大隨求陀羅尼	T0920
密教部	19	第19巻	阿閦如來念誦供養法	T0921
密教部	19	第19巻	藥師瑠璃光如來消災除難念誦儀軌	T0922
密教部	19	第19巻	藥師如來觀行儀軌法	T0923
密教部	19	第19巻	藥師如來念誦儀軌	T0924A
密教部	19	第19巻	藥師如來念誦儀軌	T0924B
密教部	19	第19巻	藥師儀軌一具	T0924C
密教部	19	第19巻	藥師琉璃光王七佛本願功徳經念誦儀軌	T0925
密教部	19	第19巻	藥師琉璃光王七佛本願功徳經念誦儀軌供養法	T0926
密教部	19	第19巻	藥師七佛供養儀軌如意王經	T0927
密教部	19	第19巻	修藥師儀軌布壇法	T0928
密教部	19	第19巻	淨瑠璃淨土摽	T0929
密教部	19	第19巻	無量壽如來觀行供養儀軌	T0930
密教部	19	第19巻	金剛頂經觀自在王如來修行法	T0931
密教部	19	第19巻	金剛頂經瑜伽觀自在王如來修行法	T0932
密教部	19	第19巻	九品往生阿彌陀三摩地集陀羅尼經	T0933
密教部	19	第19巻	佛説無量功徳陀羅尼經	T0934
密教部	19	第19巻	極樂願文	T0935
密教部	19	第19巻	大乘無量壽經	T0936
密教部	19	第19巻	佛説大乘聖無量壽決定光明王如來陀羅尼經	T0937
密教部	19	第19巻	釋迦文尼佛金剛一乘修行儀軌法品	T0938
密教部	19	第19巻	佛説大乘觀想曼拏羅淨諸惡趣經	T0939
密教部	19	第19巻	佛説帝釋巖祕密成就儀軌	T0940
密教部	19	第19巻	釋迦牟尼佛成道在菩提樹降魔讃	T0941
密教部	19	第19巻	釋迦佛讃	T0942
密教部	19	第19巻	佛説無能勝幡王如來莊嚴陀羅尼經	T0943
密教部	19	第19巻	大佛頂如來放光悉怛多鉢怛囉陀羅尼	T0944A
密教部	19	第19巻	大佛頂大陀羅尼	T0944B
密教部	19	第19巻	大佛頂如來密因修證了義諸菩薩萬行首楞嚴經	T0945
密教部	19	第19巻	大佛頂廣聚陀羅尼經	T0946
密教部	19	第19巻	大佛頂如來放光悉怛多般怛羅大神力都攝一切呪王陀羅尼經大威徳最勝金輪三昧呪品	T0947
密教部	19	第19巻	金輪王佛頂要略念誦法	T0948
密教部	19	第19巻	奇特最勝金輪佛頂念誦儀軌法要	T0949
密教部	19	第19巻	菩提場所説一字頂輪王經	T0950
密教部	19	第19巻	一字佛頂輪王經	T0951
密教部	19	第19巻	五佛頂三昧陀羅尼經	T0952
密教部	19	第19巻	一字奇特佛頂經	T0953
密教部	19	第19巻	一字頂輪王念誦儀軌	T0954A
密教部	19	第19巻	一字頂輪王念誦儀軌	T0954B
密教部	19	第19巻	一字頂輪王瑜伽觀行儀軌	T0955
密教部	19	第19巻	大陀羅尼末法中一字心呪經	T0956
密教部	19	第19巻	金剛頂經一字頂輪王瑜伽一切時處念誦成佛儀軌	T0957
密教部	19	第19巻	金剛頂經一字頂輪王儀軌音義	T0958
密教部	19	第19巻	頂輪王大曼荼羅灌頂儀軌	T0959
密教部	19	第19巻	一切如來説佛頂輪王一百八名讃	T0960
密教部	19	第19巻	如意寶珠轉輪祕密現身成佛金輪呪王經	T0961
密教部	19	第19巻	寶悉地成佛陀羅尼經	T0962
密教部	19	第19巻	佛説熾盛光大威徳消災吉祥陀羅尼經	T0963
密教部	19	第19巻	佛説大威徳金輪佛頂熾盛光如來消除一切災難陀羅尼經	T0964
密教部	19	第19巻	大妙金剛大甘露軍拏利焔鬘熾盛佛頂經	T0965
密教部	19	第19巻	大聖妙吉祥菩薩説除災教令法輪	T0966
密教部	19	第19巻	佛頂尊勝陀羅尼經	T0967
密教部	19	第19巻	佛頂尊勝陀羅尼經	T0968
密教部	19	第19巻	佛頂最勝陀羅尼經	T0969
密教部	19	第19巻	最勝佛頂陀羅尼淨除業障呪經	T0970
密教部	19	第19巻	佛説佛頂尊勝陀羅尼經	T0971
密教部	19	第19巻	佛頂尊勝陀羅尼念誦儀軌法	T0972
密教部	19	第19巻	尊勝佛頂脩瑜伽法儀軌	T0973
密教部	19	第19巻	最勝佛頂陀羅尼經	T0974A
密教部	19	第19巻	佛頂尊勝陀羅尼	T0974B
密教部	19	第19巻	加句靈驗佛頂尊勝陀羅尼記	T0974C
密教部	19	第19巻	佛頂尊勝陀羅尼注義	T0974D
密教部	19	第19巻	佛頂尊勝陀羅尼眞言	T0974E
密教部	19	第19巻	佛頂尊勝陀羅尼別法	T0974F
密教部	19	第19巻	白傘蓋大佛頂王最勝無比大威徳金剛無礙大道場陀羅尼念誦法要	T0975
密教部	19	第19巻	佛頂大白傘蓋陀羅尼經	T0976
密教部	19	第19巻	佛説大白傘蓋總持陀羅尼經/附、大白傘蓋佛母總讃歎祷祝偈	T0977
密教部	19	第19巻	佛説一切如來烏瑟膩沙最勝總持經	T0978
密教部	19	第19巻	于瑟抳沙毘左野陀囉尼	T0979
密教部	19	第19巻	大勝金剛佛頂念誦儀軌	T0980
密教部	19	第19巻	大毘盧遮那佛眼修行儀軌	T0981
密教部	19	第19巻	佛母大孔雀明王經	T0982
密教部	19	第19巻	佛説大孔雀明王畫像壇場儀軌	T0983A
密教部	19	第19巻	孔雀經眞言等梵本	T0983B
密教部	19	第19巻	孔雀王呪經	T0984
密教部	19	第19巻	佛説大孔雀呪王經	T0985
密教部	19	第19巻	大金色孔雀王呪經	T0986
密教部	19	第19巻	佛説大金色孔雀王呪經	T0987
密教部	19	第19巻	孔雀王呪經	T0988
密教部	19	第19巻	大雲輪請雨經	T0989
密教部	19	第19巻	大雲經祈雨壇法	T0990
密教部	19	第19巻	大雲輪請雨經	T0991
密教部	19	第19巻	大方等大雲經請雨品第六十四	T0992
密教部	19	第19巻	大雲經請雨品第六十四	T0993
密教部	19	第19巻	仁王護國般若波羅蜜多經陀羅尼念誦儀軌	T0994
密教部	19	第19巻	仁王般若念誦法	T0995
密教部	19	第19巻	仁王般若陀羅尼釋	T0996
密教部	19	第19巻	守護國界主陀羅尼經	T0997
密教部	19	第19巻	佛説迴向輪經	T0998
密教部	19	第19巻	佛説守護大千國土經	T0999
密教部	19	第19巻	成就妙法蓮華經王瑜伽觀智儀軌	T1000
密教部	19	第19巻	法華曼荼羅威儀形色法經	T1001
密教部	19	第19巻	不空羂索毘盧遮那佛大灌頂光眞言	T1002
密教部	19	第19巻	大樂金剛不空眞實三昧耶經般若波羅蜜多理趣釋	T1003
密教部	19	第19巻	般若波羅蜜多理趣經大樂不空三昧眞實金剛薩埵菩薩等一十七聖大曼荼羅義述	T1004
密教部	19	第19巻	大寶廣博樓閣善住祕密陀羅尼經	T1005A
密教部	19	第19巻	寶樓閣經梵字眞言	T1005B
密教部	19	第19巻	廣大寶樓閣善住祕密陀羅尼經	T1006
密教部	19	第19巻	牟梨曼陀羅呪經	T1007
密教部	19	第19巻	菩提場莊嚴陀羅尼經	T1008
密教部	19	第19巻	出生無邊門陀羅尼經	T1009
密教部	19	第19巻	佛説出生無邊門陀羅尼儀軌	T1010
密教部	19	第19巻	佛説無量門微密持經	T1011
密教部	19	第19巻	佛説出生無量門持經	T1012
密教部	19	第19巻	阿難陀目佉尼呵離陀經	T1013
密教部	19	第19巻	無量門破魔陀羅尼經	T1014
密教部	19	第19巻	佛説阿難陀目佉尼呵離陀隣尼經	T1015
密教部	19	第19巻	舍利弗陀羅尼經	T1016
密教部	19	第19巻	佛説一向出生菩薩經	T1017
密教部	19	第19巻	出生無邊門陀羅尼經	T1018
密教部	19	第19巻	大方廣佛華嚴經入法界品四十二字觀門	T1019
密教部	19	第19巻	大方廣佛花嚴經入法界品頓證毘盧遮那法身字輪瑜伽儀軌	T1020
密教部	19	第19巻	華嚴經心陀羅尼	T1021
密教部	19	第19巻	一切如來心祕密全身舍利寶篋印陀羅尼經	T1022A
密教部	19	第19巻	一切如來心祕密全身舍利寶篋印陀羅尼經	T1022B
密教部	19	第19巻	一切如來正法祕密篋印心陀羅尼經	T1023
密教部	19	第19巻	無垢淨光大陀羅尼經	T1024
密教部	19	第19巻	佛頂放無垢光明入普門觀察一切如來心陀羅尼經	T1025
密教部	19	第19巻	佛説造塔延命功徳經	T1026
密教部	19	第19巻	金剛光焔止風雨陀羅尼經	T1027A
密教部	19	第19巻	金剛光焔止風雨陀羅尼經	T1027B
密教部	19	第19巻	佛説護諸童子陀羅尼經	T1028A
密教部	19	第19巻	童子經念誦法	T1028B
密教部	19	第19巻	佛説安宅陀羅尼呪經	T1029
密教部	20	第20巻	觀自在大悲成就瑜伽蓮華部念誦法門	T1030
密教部	20	第20巻	聖觀自在菩薩心眞言瑜伽觀行儀軌	T1031
密教部	20	第20巻	瑜伽蓮華部念誦法	T1032
密教部	20	第20巻	金剛恐怖集會方廣軌儀觀自在菩薩三世最勝心明王經	T1033
密教部	20	第20巻	呪五首	T1034
密教部	20	第20巻	千轉陀羅尼觀世音菩薩呪	T1035
密教部	20	第20巻	千轉大明陀羅尼經	T1036
密教部	20	第20巻	觀自在菩薩説普賢陀羅尼經	T1037
密教部	20	第20巻	清淨觀世音普賢陀羅尼經	T1038
密教部	20	第20巻	阿唎多羅陀羅尼阿嚕力經	T1039
密教部	20	第20巻	金剛頂降三世大儀軌法王教中觀自在菩薩心眞言一切如來蓮華大曼荼羅品	T1040
密教部	20	第20巻	觀自在菩薩心眞言一印念誦法	T1041
密教部	20	第20巻	觀自在菩薩大悲智印周遍法界利益衆生薫眞如法	T1042
密教部	20	第20巻	請觀世音菩薩消伏毒害陀羅尼呪經	T1043
密教部	20	第20巻	佛説六字呪王經	T1044
密教部	20	第20巻	佛説六字神呪王經	T1045A
密教部	20	第20巻	六字神呪王經	T1045B
密教部	20	第20巻	六字大陀羅尼呪經	T1046
密教部	20	第20巻	佛説聖六字大明王陀羅尼經	T1047
密教部	20	第20巻	佛説大護明大陀羅尼經	T1048
密教部	20	第20巻	聖六字増壽大明陀羅尼經	T1049
密教部	20	第20巻	佛説大乘莊嚴寶王經	T1050
密教部	20	第20巻	佛説一切佛攝相應大教王經聖觀自在菩薩念誦儀軌	T1051
密教部	20	第20巻	讃觀世音菩薩頌	T1052
密教部	20	第20巻	聖觀自在菩薩功徳讃	T1053
密教部	20	第20巻	聖觀自在菩薩一百八名經	T1054
密教部	20	第20巻	佛説聖觀自在菩薩梵讃/附、卷首大明太宗文皇帝御製觀音讃	T1055
密教部	20	第20巻	金剛頂瑜伽千手千眼觀自在菩薩修行儀軌經	T1056
密教部	20	第20巻	千眼千臂觀世音菩薩陀羅尼神呪經	T1057A
密教部	20	第20巻	千眼千臂觀世音菩薩陀羅尼神呪經	T1057B
密教部	20	第20巻	千手千眼觀世音菩薩姥陀羅尼身經	T1058
密教部	20	第20巻	千手千眼觀世音菩薩治病合藥經	T1059
密教部	20	第20巻	千手千眼觀世音菩薩廣大圓滿無礙大悲心陀羅尼經	T1060
密教部	20	第20巻	千手千眼觀自在菩薩廣大圓滿無礙大悲心陀羅尼呪本	T1061
密教部	20	第20巻	千手千眼觀世音菩薩大身呪本	T1062A
密教部	20	第20巻	世尊聖者千眼千首千足千舌千臂觀自在菩提薩埵怛嚩廣大圓滿無礙大悲心陀羅尼	T1062B
密教部	20	第20巻	番大悲神呪	T1063
密教部	20	第20巻	千手千眼觀世音菩薩大悲心陀羅尼	T1064
密教部	20	第20巻	千光眼觀自在菩薩祕密法經	T1065
密教部	20	第20巻	大悲心陀羅尼修行念誦略儀	T1066
密教部	20	第20巻	攝無礙大悲心大陀羅尼經計一法中出無量義南方滿願補陀落海會五部諸尊等弘誓力方位及威儀形色執持三摩耶幖幟曼荼羅儀軌	T1067
密教部	20	第20巻	千手觀音造次第法儀軌	T1068
密教部	20	第20巻	十一面觀自在菩薩心密言念誦儀軌經	T1069
密教部	20	第20巻	佛説十一面觀世音神呪經	T1070
密教部	20	第20巻	十一面神呪心經	T1071
密教部	20	第20巻	聖賀野紇哩縛大威怒王立成大神驗供養念誦儀軌法品	T1072A
密教部	20	第20巻	馬頭觀音心陀羅尼	T1072B
密教部	20	第20巻	何耶掲唎婆像法	T1073
密教部	20	第20巻	何耶掲唎婆觀世音菩薩受法壇	T1074
密教部	20	第20巻	佛説七倶胝佛母准提大明陀羅尼經	T1075
密教部	20	第20巻	七倶胝佛母所説准提陀羅尼經	T1076
密教部	20	第20巻	佛説七倶胝佛母心大准提陀羅尼經	T1077
密教部	20	第20巻	七佛倶胝佛母心大准提陀羅尼法	T1078
密教部	20	第20巻	七倶胝獨部法	T1079
密教部	20	第20巻	如意輪陀羅尼經	T1080
密教部	20	第20巻	佛説觀自在菩薩如意心陀羅尼呪經	T1081
密教部	20	第20巻	觀世音菩薩祕密藏如意輪陀羅尼神呪經	T1082
密教部	20	第20巻	觀世音菩薩如意摩尼陀羅尼經	T1083
密教部	20	第20巻	觀世音菩薩如意摩尼輪陀羅尼念誦法	T1084
密教部	20	第20巻	觀自在菩薩如意輪念誦儀軌	T1085
密教部	20	第20巻	觀自在菩薩如意輪瑜伽	T1086
密教部	20	第20巻	觀自在如意輪菩薩瑜伽法要	T1087
密教部	20	第20巻	如意輪菩薩觀門義注祕訣	T1088
密教部	20	第20巻	都表如意摩尼轉輪聖王次第念誦祕密最要略法	T1089
密教部	20	第20巻	佛説如意輪蓮華心如來修行觀門儀	T1090
密教部	20	第20巻	七星如意輪祕密要經	T1091
密教部	20	第20巻	不空羂索神變眞言經	T1092
密教部	20	第20巻	不空羂索呪經	T1093
密教部	20	第20巻	不空羂索神呪心經	T1094
密教部	20	第20巻	不空羂索呪心經	T1095
密教部	20	第20巻	不空羂索陀羅尼經	T1096
密教部	20	第20巻	不空羂索陀羅尼自在王呪經	T1097
密教部	20	第20巻	佛説不空羂索陀羅尼儀軌經	T1098
密教部	20	第20巻	佛説聖觀自在菩薩不空王祕密心陀羅尼經	T1099
密教部	20	第20巻	葉衣觀自在菩薩經	T1100
密教部	20	第20巻	佛説大方廣曼殊室利經	T1101
密教部	20	第20巻	金剛頂經多羅菩薩念誦法	T1102
密教部	20	第20巻	觀自在菩薩隨心呪經	T1103
密教部	20	第20巻	佛説聖多羅菩薩經	T1104
密教部	20	第20巻	聖多羅菩薩一百八名陀羅尼經	T1105
密教部	20	第20巻	讃揚聖徳多羅菩薩一百八名經	T1106
密教部	20	第20巻	聖多羅菩薩梵讃	T1107
密教部	20	第20巻	聖救度佛母二十一種禮讃經/附、卷首御製救度佛母讃	T1108A
密教部	20	第20巻	救度佛母二十一種禮讃經	T1108B
密教部	20	第20巻	白救度佛母讃	T1109
密教部	20	第20巻	佛説一髻尊陀羅尼經	T1110
密教部	20	第20巻	青頸觀自在菩薩心陀羅尼經	T1111
密教部	20	第20巻	金剛頂瑜伽青頸大悲王觀自在念誦儀軌	T1112
密教部	20	第20巻	觀自在菩薩廣大圓滿無礙大悲心陀羅尼/附、觀世音菩薩施食	T1113A
密教部	20	第20巻	大慈大悲救苦觀世音自在王菩薩廣大圓滿無礙自在青頸大悲心陀羅尼	T1113B
密教部	20	第20巻	毘倶胝菩薩一百八名經	T1114
密教部	20	第20巻	觀自在菩薩阿麼𪘨法	T1115
密教部	20	第20巻	廣大蓮華莊嚴曼拏羅滅一切罪陀羅尼經	T1116
密教部	20	第20巻	佛説觀自在菩薩母陀羅尼經	T1117
密教部	20	第20巻	佛説十八臂陀羅尼經	T1118
密教部	20	第20巻	大樂金剛薩埵修行成就儀軌	T1119
密教部	20	第20巻	金剛頂勝初瑜伽經中略出大樂金剛薩埵念誦儀	T1120A
密教部	20	第20巻	勝初瑜伽儀軌眞言	T1120B
密教部	20	第20巻	金剛頂普賢瑜伽大教王經大樂不空金剛薩埵一切時方成就儀	T1121
密教部	20	第20巻	金剛頂瑜伽他化自在天理趣會普賢修行念誦儀軌	T1122
密教部	20	第20巻	金剛頂勝初瑜伽普賢菩薩念誦法	T1123
密教部	20	第20巻	普賢金剛薩埵略瑜伽念誦儀軌	T1124
密教部	20	第20巻	金剛頂瑜伽金剛薩埵五祕密修行念誦儀軌	T1125
密教部	20	第20巻	佛説普賢曼拏羅經	T1126
密教部	20	第20巻	佛説普賢菩薩陀羅尼經	T1127
密教部	20	第20巻	最上大乘金剛大教寶王經	T1128
密教部	20	第20巻	佛説金剛手菩薩降伏一切部多大教王經	T1129
密教部	20	第20巻	大乘金剛髻珠菩薩修行分	T1130
密教部	20	第20巻	聖金剛手菩薩一百八名梵讃	T1131
密教部	20	第20巻	金剛王菩薩祕密念誦儀軌	T1132
密教部	20	第20巻	金剛壽命陀羅尼念誦法	T1133
密教部	20	第20巻	金剛壽命陀羅尼經法	T1134A
密教部	20	第20巻	金剛壽命陀羅尼經	T1134B
密教部	20	第20巻	佛説一切如來金剛壽命陀羅尼經	T1135
密教部	20	第20巻	佛説一切諸如來心光明加持普賢菩薩延命金剛最勝陀羅尼經	T1136
密教部	20	第20巻	佛説善法方便陀羅尼經	T1137
密教部	20	第20巻	金剛祕密善門陀羅尼呪經	T1138
密教部	20	第20巻	護命法門神呪經	T1139
密教部	20	第20巻	佛説延壽妙門陀羅尼經	T1140
密教部	20	第20巻	慈氏菩薩略修愈誐念誦法	T1141
密教部	20	第20巻	佛説慈氏菩薩陀羅尼	T1142
密教部	20	第20巻	佛説慈氏菩薩誓願陀羅尼經	T1143
密教部	20	第20巻	佛説彌勒菩薩發願王偈	T1144
密教部	20	第20巻	虚空藏菩薩能滿諸願最勝心陀羅尼求聞持法	T1145
密教部	20	第20巻	大虚空藏菩薩念誦法	T1146
密教部	20	第20巻	聖虚空藏菩薩陀羅尼經	T1147
密教部	20	第20巻	佛説虚空藏菩薩陀羅尼	T1148
密教部	20	第20巻	五大虚空藏菩薩速疾大神驗祕密式經	T1149
密教部	20	第20巻	轉法輪菩薩摧魔怨敵法	T1150
密教部	20	第20巻	修習般若波羅蜜菩薩觀行念誦儀軌	T1151
密教部	20	第20巻	佛説佛母般若波羅蜜多大明觀想儀軌	T1152
密教部	20	第20巻	普遍光明清淨熾盛如意寶印心無能勝大明王大隨求陀羅尼經	T1153
密教部	20	第20巻	佛説隨求即得大自在陀羅尼神呪經	T1154
密教部	20	第20巻	金剛頂瑜伽最勝祕密成佛隨求即得神變加持成就陀羅尼儀軌	T1155
密教部	20	第20巻	大隨求即得大陀羅尼明王懺悔法	T1156A
密教部	20	第20巻	宗叡僧正於唐國師所口受	T1156B
密教部	20	第20巻	香王菩薩陀羅尼呪經	T1157
密教部	20	第20巻	地藏菩薩儀軌	T1158
密教部	20	第20巻	𭖏𡇪大道心驅策法	T1159A
密教部	20	第20巻	佛説地藏菩薩陀羅尼經	T1159B
密教部	20	第20巻	日光菩薩月光菩薩陀羅尼	T1160
密教部	20	第20巻	佛説觀藥王藥上二菩薩經	T1161
密教部	20	第20巻	持世陀羅尼經	T1162
密教部	20	第20巻	佛説雨寶陀羅尼經	T1163
密教部	20	第20巻	佛説大乘聖吉祥持世陀羅尼經	T1164
密教部	20	第20巻	聖持世陀羅尼經	T1165
密教部	20	第20巻	馬鳴菩薩大神力無比驗法念誦軌儀	T1166
密教部	20	第20巻	八大菩薩曼荼羅經	T1167
密教部	20	第20巻	佛説大乘八大曼拏羅經	T1168A
密教部	20	第20巻	八曼荼羅經	T1168B
密教部	20	第20巻	佛説持明藏瑜伽大教尊那菩薩大明成就儀軌經	T1169
密教部	20	第20巻	佛説金剛香菩薩大明成就儀軌經	T1170
密教部	20	第20巻	金剛頂經瑜伽文殊師利菩薩法	T1171
密教部	20	第20巻	金剛頂超勝三界經説文殊五字眞言勝相	T1172
密教部	20	第20巻	金剛頂經曼殊室利菩薩五字心陀羅尼品	T1173
密教部	20	第20巻	五字陀羅尼頌	T1174
密教部	20	第20巻	金剛頂經瑜伽文殊師利菩薩供養儀軌	T1175
密教部	20	第20巻	曼殊室利童子菩薩五字瑜伽法	T1176
密教部	20	第20巻	大乘瑜伽金剛性海曼殊室利千臂千鉢大教王經	T1177A
密教部	20	第20巻	千鉢文殊一百八名讃	T1177B
密教部	20	第20巻	文殊菩薩獻佛陀羅尼名烏蘇吒	T1178
密教部	20	第20巻	文殊師利菩薩六字呪功能法經	T1179
密教部	20	第20巻	六字神呪經	T1180
密教部	20	第20巻	大方廣菩薩藏經中文殊師利根本一字陀羅尼經	T1181
密教部	20	第20巻	曼殊室利菩薩呪藏中一字呪王經	T1182
密教部	20	第20巻	一髻文殊師利童子陀羅尼念誦儀軌	T1183
密教部	20	第20巻	大聖妙吉祥菩薩祕密八字陀羅尼修行曼荼羅次第儀軌法	T1184
密教部	20	第20巻	佛説文殊師利法寶藏陀羅尼經	T1185A
密教部	20	第20巻	文殊師利寶藏陀羅尼經	T1185B
密教部	20	第20巻	佛説妙吉祥菩薩陀羅尼	T1186
密教部	20	第20巻	佛説最勝妙吉祥根本智最上祕密一切名義三摩地分	T1187
密教部	20	第20巻	文殊所説最勝名義經	T1188
密教部	20	第20巻	佛説文殊菩薩最勝眞實名義經	T1189
密教部	20	第20巻	聖妙吉祥眞實名經	T1190
密教部	20	第20巻	大方廣菩薩藏文殊師利根本儀軌經	T1191
密教部	20	第20巻	妙吉祥平等祕密最上觀門大教王經	T1192
密教部	20	第20巻	妙吉祥平等瑜伽祕密觀身成佛儀軌	T1193
密教部	20	第20巻	妙吉祥平等觀門大教王經略出護摩儀	T1194
密教部	20	第20巻	大聖文殊師利菩薩讃佛法身禮	T1195
密教部	20	第20巻	曼殊室利菩薩吉祥伽陀	T1196
密教部	20	第20巻	佛説文殊師利一百八名梵讃	T1197
密教部	20	第20巻	聖者文殊師利發菩提心願文	T1198
密教部	21	第21巻	金剛手光明灌頂經最勝立印聖無動尊大威怒王念誦儀軌法品	T1199
密教部	21	第21巻	底哩三昧耶不動尊威怒王使者念誦法	T1200
密教部	21	第21巻	底哩三昧耶不動尊聖者念誦祕密法	T1201
密教部	21	第21巻	不動使者陀羅尼祕密法	T1202
密教部	21	第21巻	聖無動尊安鎭家國等法	T1203
密教部	21	第21巻	聖無動尊一字出生八大童子祕要法品	T1204
密教部	21	第21巻	勝軍不動明王四十八使者祕密成就儀軌	T1205
密教部	21	第21巻	佛説倶利伽羅大龍勝外道伏陀羅尼經	T1206
密教部	21	第21巻	説矩里迦龍王像法	T1207
密教部	21	第21巻	倶力迦羅龍王儀軌	T1208
密教部	21	第21巻	金剛頂瑜伽降三世成就極深密門	T1209
密教部	21	第21巻	降三世忿怒明王念誦儀軌	T1210
密教部	21	第21巻	甘露軍荼利菩薩供養念誦成就儀軌	T1211
密教部	21	第21巻	西方陀羅尼藏中金剛族阿蜜哩多軍吒利法	T1212
密教部	21	第21巻	千臂軍荼利梵字眞言	T1213
密教部	21	第21巻	聖閻曼徳迦威怒王立成大神驗念誦法	T1214
密教部	21	第21巻	大乘方廣曼殊室利菩薩華嚴本教閻曼徳迦忿怒王眞言大威徳儀軌品	T1215
密教部	21	第21巻	大方廣曼殊室利童眞菩薩華嚴本教讃閻曼徳迦忿怒王眞言阿毘遮嚕迦儀軌品	T1216
密教部	21	第21巻	佛説妙吉祥最勝根本大教經	T1217
密教部	21	第21巻	文殊師利耶曼徳迦呪法	T1218
密教部	21	第21巻	曼殊室利焔曼徳迦萬愛祕術如意法	T1219
密教部	21	第21巻	金剛藥叉瞋怒王息災大威神驗念誦儀軌	T1220
密教部	21	第21巻	青色大金剛藥叉辟鬼魔法	T1221
密教部	21	第21巻	聖迦柅忿怒金剛童子菩薩成就儀軌經	T1222
密教部	21	第21巻	佛説無量壽佛化身大忿迅倶摩羅金剛念誦瑜伽儀軌法	T1223
密教部	21	第21巻	金剛童子持念經	T1224
密教部	21	第21巻	大威怒烏芻澁麼儀軌經	T1225
密教部	21	第21巻	烏芻澁明王儀軌梵字	T1226
密教部	21	第21巻	大威力烏樞瑟摩明王經	T1227
密教部	21	第21巻	穢跡金剛説神通大滿陀羅尼法術靈要門	T1228
密教部	21	第21巻	穢跡金剛禁百變法經	T1229
密教部	21	第21巻	佛説大輪金剛總持陀羅尼經	T1230
密教部	21	第21巻	大輪金剛修行悉地成就及供養法	T1231
密教部	21	第21巻	播般曩結使波金剛念誦儀	T1232
密教部	21	第21巻	佛説無能勝大明王陀羅尼經	T1233
密教部	21	第21巻	無能勝大明陀羅尼經	T1234
密教部	21	第21巻	無能勝大明心陀羅尼經	T1235
密教部	21	第21巻	聖無能勝金剛火陀羅尼經	T1236
密教部	21	第21巻	阿吒婆拘鬼神大將上佛陀羅尼神呪經	T1237
密教部	21	第21巻	阿吒婆𤘽鬼神大將上佛陀羅尼經	T1238
密教部	21	第21巻	阿吒薄倶元帥大將上佛陀羅尼經修行儀軌	T1239
密教部	21	第21巻	阿吒薄𤘽付囑呪	T1240
密教部	21	第21巻	伽馱金剛真言	T1241
密教部	21	第21巻	佛説妙吉祥瑜伽大教金剛陪囉嚩輪觀想成就儀軌經	T1242
密教部	21	第21巻	佛説出生一切如來法眼遍照大力明王經	T1243
密教部	21	第21巻	毘沙門天王經	T1244
密教部	21	第21巻	佛説毘沙門天王經	T1245
密教部	21	第21巻	摩訶吠室囉末那野提婆喝囉闍陀羅尼儀軌	T1246
密教部	21	第21巻	北方毘沙門天王隨軍護法儀軌	T1247
密教部	21	第21巻	北方毘沙門天王隨軍護法眞言	T1248
密教部	21	第21巻	毘沙門儀軌	T1249
密教部	21	第21巻	北方毘沙門多聞寶藏天王神妙陀羅尼別行儀軌	T1250
密教部	21	第21巻	吽迦陀野儀軌	T1251
密教部	21	第21巻	佛説大吉祥天女十二名號經	T1252
密教部	21	第21巻	大吉祥天女十二契一百八名無垢大乘經	T1253
密教部	21	第21巻	末利支提婆華鬘經	T1254
密教部	21	第21巻	佛説摩利支天菩薩陀羅尼經	T1255
密教部	21	第21巻	佛説摩利支天陀羅尼呪經	T1256
密教部	21	第21巻	佛説大摩里支菩薩經	T1257
密教部	21	第21巻	摩利支菩薩略念誦法	T1258
密教部	21	第21巻	摩利支天一印法	T1259
密教部	21	第21巻	大藥叉女歡喜母并愛子成就法	T1260
密教部	21	第21巻	訶利帝母眞言經	T1261
密教部	21	第21巻	佛説鬼子母經	T1262
密教部	21	第21巻	氷掲羅天童子經	T1263
密教部	21	第21巻	觀自在菩薩化身蘘麌哩曳童女銷伏毒害陀羅尼經	T1264
密教部	21	第21巻	佛説常瞿利毒女陀羅尼呪經	T1265
密教部	21	第21巻	大聖天歡喜雙身毘那夜迦法	T1266
密教部	21	第21巻	使呪法經	T1267
密教部	21	第21巻	大使呪法經	T1268
密教部	21	第21巻	佛説金色迦那鉢底陀羅尼經	T1269
密教部	21	第21巻	大聖歡喜雙身大自在天毘那夜迦王歸依念誦供養法	T1270
密教部	21	第21巻	摩訶毘盧遮那如來定惠均等入三昧耶身雙身大聖歡喜天菩薩修行祕密法儀軌	T1271
密教部	21	第21巻	金剛薩埵説頻那夜迦天成就儀軌經	T1272
密教部	21	第21巻	毘那夜迦誐那鉢底瑜伽悉地品祕要	T1273
密教部	21	第21巻	大聖歡喜雙身毘那夜迦天形像品儀軌	T1274
密教部	21	第21巻	聖歡喜天式法	T1275
密教部	21	第21巻	文殊師利菩薩根本大教王經金翅鳥王品	T1276
密教部	21	第21巻	速疾立驗魔醯首羅天説阿尾奢法	T1277
密教部	21	第21巻	迦樓羅及諸天密言經	T1278
密教部	21	第21巻	摩醯首羅天法要	T1279
密教部	21	第21巻	摩醯首羅大自在天王神通化生伎藝天女念誦法	T1280
密教部	21	第21巻	那羅延天共阿修羅王鬪戰法	T1281
密教部	21	第21巻	寶藏天女陀羅尼法	T1282
密教部	21	第21巻	佛説寶藏神大明曼拏羅儀軌經	T1283
密教部	21	第21巻	佛説聖寶藏神儀軌經	T1284
密教部	21	第21巻	佛説寶賢陀羅尼經	T1285
密教部	21	第21巻	堅牢地天儀軌	T1286
密教部	21	第21巻	大黑天神法	T1287
密教部	21	第21巻	佛説最上祕密那拏天經	T1288
密教部	21	第21巻	佛説金毘羅童子威徳經	T1289
密教部	21	第21巻	焔羅王供行法次第	T1290
密教部	21	第21巻	深沙大將儀軌	T1291
密教部	21	第21巻	法華十羅刹法	T1292
密教部	21	第21巻	般若守護十六善神王形體	T1293
密教部	21	第21巻	施八方天儀則	T1294
密教部	21	第21巻	供養護世八天法	T1295
密教部	21	第21巻	十天儀軌	T1296
密教部	21	第21巻	供養十二大威徳天報恩品	T1297
密教部	21	第21巻	十二天供儀軌	T1298
密教部	21	第21巻	文殊師利菩薩及諸仙所説吉凶時日善惡宿曜經	T1299
密教部	21	第21巻	摩登伽經	T1300
密教部	21	第21巻	舍頭諌太子二十八宿經	T1301
密教部	21	第21巻	諸星母陀羅尼經	T1302
密教部	21	第21巻	佛説聖曜母陀羅尼經	T1303
密教部	21	第21巻	宿曜儀軌	T1304
密教部	21	第21巻	北斗七星念誦儀軌	T1305
密教部	21	第21巻	北斗七星護摩祕要儀軌	T1306
密教部	21	第21巻	佛説北斗七星延命經	T1307
密教部	21	第21巻	七曜攘災決	T1308
密教部	21	第21巻	七曜星辰別行法	T1309
密教部	21	第21巻	北斗七星護摩法	T1310
密教部	21	第21巻	梵天火羅九曜	T1311
密教部	21	第21巻	難儞計濕嚩囉天説支輪經	T1312
密教部	21	第21巻	佛説救拔焔口餓鬼陀羅尼經	T1313
密教部	21	第21巻	佛説救面然餓鬼陀羅尼神呪經	T1314
密教部	21	第21巻	施諸餓鬼飮食及水法	T1315
密教部	21	第21巻	佛説甘露經陀羅尼呪	T1316
密教部	21	第21巻	甘露陀羅尼呪	T1317
密教部	21	第21巻	瑜伽集要救阿難陀羅尼焔口軌儀經	T1318
密教部	21	第21巻	瑜伽集要焔口施食起教阿難陀縁由	T1319
密教部	21	第21巻	瑜伽集要焔口施食儀	T1320
密教部	21	第21巻	佛説施餓鬼甘露味大陀羅尼經	T1321
密教部	21	第21巻	新集浴像儀軌	T1322
密教部	21	第21巻	除一切疾病陀羅尼經	T1323
密教部	21	第21巻	能淨一切眼疾病陀羅尼經	T1324
密教部	21	第21巻	佛説療痔病經	T1325
密教部	21	第21巻	佛説呪時氣病經	T1326
密教部	21	第21巻	佛説呪齒經	T1327
密教部	21	第21巻	佛説呪目經	T1328
密教部	21	第21巻	佛説呪小兒經	T1329
密教部	21	第21巻	囉嚩拏説救療小兒疾病經	T1330
密教部	21	第21巻	佛説灌頂七萬二千神王護比丘呪經	T1331
密教部	21	第21巻	七佛八菩薩所説大陀羅尼神呪經	T1332
密教部	21	第21巻	虚空藏菩薩問七佛陀羅尼呪經	T1333
密教部	21	第21巻	如來方便善巧呪經	T1334
密教部	21	第21巻	大吉義神呪經	T1335
密教部	21	第21巻	陀羅尼雜集	T1336
密教部	21	第21巻	種種雜呪經	T1337
密教部	21	第21巻	呪三首經	T1338
密教部	21	第21巻	大方等陀羅尼經	T1339
密教部	21	第21巻	大法炬陀羅尼經	T1340
密教部	21	第21巻	大威徳陀羅尼經	T1341
密教部	21	第21巻	佛説無崖際總持法門經	T1342
密教部	21	第21巻	尊勝菩薩所問一切諸法入無量門陀羅尼經	T1343
密教部	21	第21巻	金剛上味陀羅尼經	T1344
密教部	21	第21巻	金剛場陀羅尼經	T1345
密教部	21	第21巻	諸佛集會陀羅尼經	T1346
密教部	21	第21巻	息除中夭陀羅尼經	T1347
密教部	21	第21巻	佛説十二佛名神呪校量功徳除障滅罪經	T1348
密教部	21	第21巻	佛説稱讃如來功徳神呪經	T1349
密教部	21	第21巻	佛説一切如來名號陀羅尼經	T1350
密教部	21	第21巻	佛説持句神呪經	T1351
密教部	21	第21巻	佛説陀隣尼鉢經	T1352
密教部	21	第21巻	東方最勝燈王陀羅尼經	T1353
密教部	21	第21巻	東方最勝燈王如來經	T1354
密教部	21	第21巻	佛説聖最上燈明如來陀羅尼經	T1355
密教部	21	第21巻	佛説華積陀羅尼神呪經	T1356
密教部	21	第21巻	佛説師子奮迅菩薩所問經	T1357
密教部	21	第21巻	佛説花聚陀羅尼呪經	T1358
密教部	21	第21巻	佛説花積樓閣陀羅尼經	T1359
密教部	21	第21巻	六門陀羅尼經	T1360
密教部	21	第21巻	六門陀羅尼經論/附、廣釋(智威)	T1361
密教部	21	第21巻	佛説善夜經	T1362
密教部	21	第21巻	勝幢臂印陀羅尼經	T1363
密教部	21	第21巻	妙臂印幢陀羅尼經	T1364
密教部	21	第21巻	八名普密陀羅尼經	T1365
密教部	21	第21巻	佛説祕密八名陀羅尼經	T1366
密教部	21	第21巻	佛説大普賢陀羅尼經	T1367
密教部	21	第21巻	佛説大七寶陀羅尼經	T1368
密教部	21	第21巻	百千印陀羅尼經	T1369
密教部	21	第21巻	佛説持明藏八大總持王經	T1370
密教部	21	第21巻	佛説聖大總持王經	T1371
密教部	21	第21巻	増慧陀羅尼經	T1372
密教部	21	第21巻	佛説施一切無畏陀羅尼經	T1373
密教部	21	第21巻	佛説一切功徳莊嚴王經	T1374
密教部	21	第21巻	佛説莊嚴王陀羅尼呪經	T1375
密教部	21	第21巻	佛説聖莊嚴陀羅尼經	T1376
密教部	21	第21巻	佛説寶帶陀羅尼經	T1377
密教部	21	第21巻	佛説玄師颰陀所説神呪經	T1378
密教部	21	第21巻	佛説大愛陀羅尼經	T1379
密教部	21	第21巻	佛説善樂長者經	T1380
密教部	21	第21巻	佛説大吉祥陀羅尼經	T1381
密教部	21	第21巻	佛説宿命智陀羅尼	T1382
密教部	21	第21巻	佛説宿命智陀羅尼經	T1383
密教部	21	第21巻	佛説鉢蘭那賒嚩哩大陀羅尼經	T1384
密教部	21	第21巻	佛説倶枳羅陀羅尼經	T1385
密教部	21	第21巻	佛説妙色陀羅尼經	T1386
密教部	21	第21巻	佛説栴檀香身陀羅尼經	T1387
密教部	21	第21巻	佛説無畏陀羅尼經	T1388
密教部	21	第21巻	佛説無量壽大智陀羅尼	T1389
密教部	21	第21巻	佛説洛叉陀羅尼經	T1390
密教部	21	第21巻	佛説檀特羅麻油述經	T1391
密教部	21	第21巻	大寒林聖難拏陀羅尼經	T1392
密教部	21	第21巻	佛説摩尼羅亶經	T1393
密教部	21	第21巻	佛説安宅神呪經	T1394
密教部	21	第21巻	拔濟苦難陀羅尼經	T1395
密教部	21	第21巻	佛説拔除罪障呪王經	T1396
密教部	21	第21巻	智炬陀羅尼經	T1397
密教部	21	第21巻	佛説智光滅一切業障陀羅尼經	T1398
密教部	21	第21巻	佛説滅除五逆罪大陀羅尼經	T1399
密教部	21	第21巻	佛説消除一切災障寶髻陀羅尼經	T1400
密教部	21	第21巻	佛説大金剛香陀羅尼經	T1401
密教部	21	第21巻	消除一切閃電障難隨求如意陀羅尼經	T1402
密教部	21	第21巻	佛説如意摩尼陀羅尼經	T1403
密教部	21	第21巻	佛説如意寶總持王經	T1404
密教部	21	第21巻	佛説息除賊難陀羅尼經	T1405
密教部	21	第21巻	佛説辟除賊害呪經	T1406
密教部	21	第21巻	佛説辟除諸惡陀羅尼經	T1407
密教部	21	第21巻	佛説最上意陀羅尼經	T1408
密教部	21	第21巻	佛説聖最勝陀羅尼經	T1409
密教部	21	第21巻	佛説勝幡瓔珞陀羅尼經	T1410
密教部	21	第21巻	佛説蓮華眼陀羅尼經	T1411
密教部	21	第21巻	佛説寶生陀羅尼經	T1412
密教部	21	第21巻	佛説尊勝大明王經	T1413
密教部	21	第21巻	佛説金身陀羅尼經	T1414
密教部	21	第21巻	大金剛妙高山樓閣陀羅尼	T1415
密教部	21	第21巻	金剛摧碎陀羅尼	T1416
密教部	21	第21巻	佛説壞相金剛陀羅尼經	T1417
密教部	21	第21巻	佛説一切如來安像三昧儀軌經	T1418
密教部	21	第21巻	佛説造像量度經解/附、造像量度經續補	T1419
密教部	21	第21巻	龍樹五明論	T1420
律部	22	第22巻	彌沙塞部和醯五分律	T1421
律部	22	第22巻	彌沙塞五分戒本	T1422
律部	22	第22巻	五分比丘尼戒本	T1423
律部	22	第22巻	彌沙塞羯磨本	T1424
律部	22	第22巻	摩訶僧祇律	T1425
律部	22	第22巻	摩訶僧祇律大比丘戒本	T1426
律部	22	第22巻	摩訶僧祇比丘尼戒本	T1427
律部	22	第22巻	四分律	T1428
律部	22	第22巻	四分律比丘戒本	T1429
律部	22	第22巻	四分僧戒本	T1430
律部	22	第22巻	四分比丘尼戒本	T1431
律部	22	第22巻	曇無徳律部雜羯磨	T1432
律部	22	第22巻	羯磨	T1433
律部	22	第22巻	四分比丘尼羯磨法	T1434
律部	23	第23巻	十誦律	T1435
律部	23	第23巻	十誦比丘波羅提木叉戒本	T1436
律部	23	第23巻	十誦比丘尼波羅提木叉戒本	T1437
律部	23	第23巻	大沙門百一羯磨法	T1438
律部	23	第23巻	十誦羯磨比丘要用	T1439
律部	23	第23巻	薩婆多毘尼毘婆沙	T1440
律部	23	第23巻	薩婆多部毘尼摩得勒伽	T1441
律部	23	第23巻	根本説一切有部毘奈耶	T1442
律部	23	第23巻	根本説一切有部苾芻尼毘奈耶	T1443
律部	23	第23巻	根本説一切有部毘奈耶出家事	T1444
律部	23	第23巻	根本説一切有部毘奈耶安居事	T1445
律部	23	第23巻	根本説一切有部毘奈耶隨意事	T1446
律部	23	第23巻	根本説一切有部毘奈耶皮革事	T1447
律部	24	第24巻	根本説一切有部毘奈耶藥事	T1448
律部	24	第24巻	根本説一切有部毘奈耶羯恥那衣事	T1449
律部	24	第24巻	根本説一切有部毘奈耶破僧事	T1450
律部	24	第24巻	根本説一切有部毘奈耶雜事	T1451
律部	24	第24巻	根本説一切有部尼陀那	T1452
律部	24	第24巻	根本説一切有部百一羯磨	T1453
律部	24	第24巻	根本説一切有部戒經	T1454
律部	24	第24巻	根本説一切有部苾芻尼戒經	T1455
律部	24	第24巻	根本説一切有部毘奈耶尼陀那目得迦攝頌	T1456
律部	24	第24巻	根本説一切有部略毘奈耶雜事攝頌	T1457
律部	24	第24巻	根本薩婆多部律攝	T1458
律部	24	第24巻	根本説一切有部毘奈耶頌	T1459
律部	24	第24巻	解脱戒經	T1460
律部	24	第24巻	律二十二明了論	T1461
律部	24	第24巻	善見律毘婆沙	T1462
律部	24	第24巻	毘尼母經	T1463
律部	24	第24巻	鼻奈耶	T1464
律部	24	第24巻	舍利弗問經	T1465
律部	24	第24巻	優波離問佛經	T1466
律部	24	第24巻	佛説犯戒罪報輕重經	T1467
律部	24	第24巻	佛説目連所問經	T1468
律部	24	第24巻	佛説迦葉禁戒經	T1469
律部	24	第24巻	大比丘三千威儀	T1470
律部	24	第24巻	沙彌十戒法并威儀	T1471
律部	24	第24巻	沙彌威儀	T1472
律部	24	第24巻	佛説沙彌十戒儀則經	T1473
律部	24	第24巻	沙彌尼戒經	T1474
律部	24	第24巻	沙彌尼離戒文	T1475
律部	24	第24巻	佛説優婆塞五戒相經	T1476
律部	24	第24巻	佛説戒消災經	T1477
律部	24	第24巻	大愛道比丘尼經	T1478
律部	24	第24巻	佛説苾芻五法經	T1479
律部	24	第24巻	佛説苾芻迦尸迦十法經	T1480
律部	24	第24巻	佛説五恐怖世經	T1481
律部	24	第24巻	佛阿毗曇經出家相品	T1482
律部	24	第24巻	佛説目連問戒律中五百輕重事	T1483
律部	24	第24巻	梵網經	T1484
律部	24	第24巻	菩薩瓔珞本業經	T1485
律部	24	第24巻	受十善戒經	T1486
律部	24	第24巻	佛説菩薩内戒經	T1487
律部	24	第24巻	優婆塞戒經	T1488
律部	24	第24巻	清淨毘尼方廣經	T1489
律部	24	第24巻	寂調音所問經	T1490
律部	24	第24巻	菩薩藏經	T1491
律部	24	第24巻	佛説舍利弗悔過經	T1492
律部	24	第24巻	大乘三聚懺悔經	T1493
律部	24	第24巻	佛説淨業障經	T1494
律部	24	第24巻	善恭敬經	T1495
律部	24	第24巻	佛説正恭敬經	T1496
律部	24	第24巻	佛説大乘戒經	T1497
律部	24	第24巻	佛説八種長養功徳經	T1498
律部	24	第24巻	菩薩戒羯磨文	T1499
律部	24	第24巻	菩薩戒本	T1500
律部	24	第24巻	菩薩戒本	T1501
律部	24	第24巻	菩薩受齋經	T1502
律部	24	第24巻	優婆塞五戒威儀經	T1503
律部	24	第24巻	菩薩五法懺悔文	T1504
釋經論部	25	第25巻	四阿鋡暮抄解	T1505
釋經論部	25	第25巻	三法度論	T1506
釋經論部	25	第25巻	分別功徳論	T1507
釋經論部	25	第25巻	阿含口解十二因縁經	T1508
釋經論部	25	第25巻	大智度論	T1509
釋經論部	25	第25巻	金剛般若論	T1510
釋經論部	25	第25巻	金剛般若波羅蜜經論	T1511
釋經論部	25	第25巻	金剛仙論	T1512
釋經論部	25	第25巻	能斷金剛般若波羅蜜多經論釋	T1513
釋經論部	25	第25巻	能斷金剛般若波羅蜜多經論頌	T1514
釋經論部	25	第25巻	金剛般若波羅蜜經破取著不壞假名論	T1515
釋經論部	25	第25巻	聖佛母般若波羅蜜多九頌精義論	T1516
釋經論部	25	第25巻	佛母般若波羅蜜多圓集要義釋論	T1517
釋經論部	25	第25巻	佛母般若波羅蜜多圓集要義論	T1518
釋經論部	26	第26巻	妙法蓮華經憂波提舍	T1519
釋經論部	26	第26巻	妙法蓮華經論優波提舍	T1520
釋經論部	26	第26巻	十住毘婆沙論	T1521
釋經論部	26	第26巻	十地經論	T1522
釋經論部	26	第26巻	大寶積經論	T1523
釋經論部	26	第26巻	無量壽經優波提舍	T1524
釋經論部	26	第26巻	彌勒菩薩所問經論	T1525
釋經論部	26	第26巻	寶髻經四法憂波提舍	T1526
釋經論部	26	第26巻	涅槃論	T1527
釋經論部	26	第26巻	涅槃經本有今無偈論	T1528
釋經論部	26	第26巻	遺教經論	T1529
釋經論部	26	第26巻	佛地經論	T1530
釋經論部	26	第26巻	文殊師利菩薩問菩提經論	T1531
釋經論部	26	第26巻	勝思惟梵天所問經論	T1532
釋經論部	26	第26巻	轉法輪經憂波提舍	T1533
釋經論部	26	第26巻	三具足經憂波提舍	T1534
釋經論部	26	第26巻	大乘四法經釋	T1535
毘曇部	26	第26巻	阿毘達磨集異門足論	T1536
毘曇部	26	第26巻	阿毗達磨法蘊足論	T1537
毘曇部	26	第26巻	施設論	T1538
毘曇部	26	第26巻	阿毘達磨識身足論	T1539
毘曇部	26	第26巻	阿毘達磨界身足論	T1540
毘曇部	26	第26巻	衆事分阿毘曇論	T1541
毘曇部	26	第26巻	阿毘達磨品類足論	T1542
毘曇部	26	第26巻	阿毘曇八犍度論	T1543
毘曇部	26	第26巻	阿毘達磨發智論	T1544
毘曇部	27	第27巻	阿毘達磨大毘婆沙論	T1545
毘曇部	28	第28巻	阿毘曇毘婆沙論	T1546
毘曇部	28	第28巻	鞞婆沙論	T1547
毘曇部	28	第28巻	舍利弗阿毘曇論	T1548
毘曇部	28	第28巻	尊婆須蜜菩薩所集論	T1549
毘曇部	28	第28巻	阿毘曇心論	T1550
毘曇部	28	第28巻	阿毘曇心論經	T1551
毘曇部	28	第28巻	雜阿毘曇心論	T1552
毘曇部	28	第28巻	阿毘曇甘露味論	T1553
毘曇部	28	第28巻	入阿毘達磨論	T1554
毘曇部	28	第28巻	五事毘婆沙論	T1555
毘曇部	28	第28巻	薩婆多宗五事論	T1556
毘曇部	28	第28巻	阿毘曇五法行經	T1557
毘曇部	29	第29巻	阿毘達磨倶舍論	T1558
毘曇部	29	第29巻	阿毘達磨倶舍釋論	T1559
毘曇部	29	第29巻	阿毘達磨倶舍論本頌	T1560
毘曇部	29	第29巻	倶舍論實義疏	T1561
毘曇部	29	第29巻	阿毘達磨順正理論	T1562
毘曇部	29	第29巻	阿毘達磨藏顯宗論	T1563
中觀部・瑜伽部	30	第30巻	中論	T1564
中觀部・瑜伽部	30	第30巻	順中論義入大般若波羅蜜經初品法門	T1565
中觀部・瑜伽部	30	第30巻	般若燈論釋	T1566
中觀部・瑜伽部	30	第30巻	大乘中觀釋論	T1567
中觀部・瑜伽部	30	第30巻	十二門論	T1568
中觀部・瑜伽部	30	第30巻	百論	T1569
中觀部・瑜伽部	30	第30巻	廣百論本	T1570
中觀部・瑜伽部	30	第30巻	大乘廣百論釋論	T1571
中觀部・瑜伽部	30	第30巻	百字論	T1572
中觀部・瑜伽部	30	第30巻	壹輸盧迦論	T1573
中觀部・瑜伽部	30	第30巻	大乘破有論	T1574
中觀部・瑜伽部	30	第30巻	六十頌如理論	T1575
中觀部・瑜伽部	30	第30巻	大乘二十頌論	T1576
中觀部・瑜伽部	30	第30巻	大丈夫論	T1577
中觀部・瑜伽部	30	第30巻	大乘掌珍論	T1578
中觀部・瑜伽部	30	第30巻	瑜伽師地論	T1579
中觀部・瑜伽部	30	第30巻	瑜伽師地論釋	T1580
中觀部・瑜伽部	30	第30巻	菩薩地持經	T1581
中觀部・瑜伽部	30	第30巻	菩薩善戒經	T1582
中觀部・瑜伽部	30	第30巻	菩薩善戒經	T1583
中觀部・瑜伽部	30	第30巻	決定藏論	T1584
中觀部・瑜伽部	31	第31巻	成唯識論	T1585
中觀部・瑜伽部	31	第31巻	唯識三十論頌	T1586
中觀部・瑜伽部	31	第31巻	轉識論	T1587
中觀部・瑜伽部	31	第31巻	唯識論	T1588
中觀部・瑜伽部	31	第31巻	大乘唯識論	T1589
中觀部・瑜伽部	31	第31巻	唯識二十論	T1590
中觀部・瑜伽部	31	第31巻	成唯識寶生論	T1591
中觀部・瑜伽部	31	第31巻	攝大乘論	T1592
中觀部・瑜伽部	31	第31巻	攝大乘論	T1593
中觀部・瑜伽部	31	第31巻	攝大乘論本	T1594
中觀部・瑜伽部	31	第31巻	攝大乘論釋	T1595
中觀部・瑜伽部	31	第31巻	攝大乘論釋論	T1596
中觀部・瑜伽部	31	第31巻	攝大乘論釋	T1597
中觀部・瑜伽部	31	第31巻	攝大乘論釋	T1598
中觀部・瑜伽部	31	第31巻	中邊分別論	T1599
中觀部・瑜伽部	31	第31巻	辯中邊論	T1600
中觀部・瑜伽部	31	第31巻	辯中邊論頌	T1601
中觀部・瑜伽部	31	第31巻	顯揚聖教論	T1602
中觀部・瑜伽部	31	第31巻	顯揚聖教論頌	T1603
中觀部・瑜伽部	31	第31巻	大乘莊嚴經論	T1604
中觀部・瑜伽部	31	第31巻	大乘阿毘達磨集論	T1605
中觀部・瑜伽部	31	第31巻	大乘阿毘達磨雜集論	T1606
中觀部・瑜伽部	31	第31巻	六門教授習定論	T1607
中觀部・瑜伽部	31	第31巻	業成就論	T1608
中觀部・瑜伽部	31	第31巻	大乘成業論	T1609
中觀部・瑜伽部	31	第31巻	佛性論	T1610
中觀部・瑜伽部	31	第31巻	究竟一乘寶性論	T1611
中觀部・瑜伽部	31	第31巻	大乘五蘊論	T1612
中觀部・瑜伽部	31	第31巻	大乘廣五蘊論	T1613
中觀部・瑜伽部	31	第31巻	大乘百法明門論	T1614
中觀部・瑜伽部	31	第31巻	王法正理論	T1615
中觀部・瑜伽部	31	第31巻	十八空論	T1616
中觀部・瑜伽部	31	第31巻	三無性論	T1617
中觀部・瑜伽部	31	第31巻	顯識論	T1618
中觀部・瑜伽部	31	第31巻	無相思塵論	T1619
中觀部・瑜伽部	31	第31巻	解捲論	T1620
中觀部・瑜伽部	31	第31巻	掌中論	T1621
中觀部・瑜伽部	31	第31巻	取因假設論	T1622
中觀部・瑜伽部	31	第31巻	觀總相論頌	T1623
中觀部・瑜伽部	31	第31巻	觀所縁縁論	T1624
中觀部・瑜伽部	31	第31巻	觀所縁論釋	T1625
中觀部・瑜伽部	31	第31巻	大乘法界無差別論	T1626
中觀部・瑜伽部	31	第31巻	大乘法界無差別論	T1627
論集部	32	第32巻	因明正理門論本	T1628
論集部	32	第32巻	因明正理門論	T1629
論集部	32	第32巻	因明入正理論	T1630
論集部	32	第32巻	迴諍論	T1631
論集部	32	第32巻	方便心論	T1632
論集部	32	第32巻	入大乘論	T1634
論集部	32	第32巻	大乘寶要義論	T1635
論集部	32	第32巻	大乘集菩薩學論	T1636
論集部	32	第32巻	集大乘相論	T1637
論集部	32	第32巻	集諸法寶最上義論	T1638
論集部	32	第32巻	提婆菩薩破楞伽經中外道小乘四宗論	T1639
論集部	32	第32巻	提婆菩薩釋楞伽經中外道小乘涅槃論	T1640
論集部	32	第32巻	隨相論	T1641
論集部	32	第32巻	金剛針論	T1642
論集部	32	第32巻	尼乾子問無我義經	T1643
論集部	32	第32巻	佛説立世阿毘曇論	T1644
論集部	32	第32巻	彰所知論	T1645
論集部	32	第32巻	成實論	T1646
論集部	32	第32巻	四諦論	T1647
論集部	32	第32巻	解脱道論	T1648
論集部	32	第32巻	三彌底部論	T1649
論集部	32	第32巻	辟支佛因縁論	T1650
論集部	32	第32巻	十二因縁論	T1651
論集部	32	第32巻	縁生論	T1652
論集部	32	第32巻	大乘縁生論	T1653
論集部	32	第32巻	因縁心論頌,因縁心論釋	T1654
論集部	32	第32巻	止觀門論頌	T1655
論集部	32	第32巻	寶行王正論	T1656
論集部	32	第32巻	手杖論	T1657
論集部	32	第32巻	諸教決定名義論	T1658
論集部	32	第32巻	發菩提心經論	T1659
論集部	32	第32巻	菩提資糧論	T1660
論集部	32	第32巻	菩提心離相論	T1661
論集部	32	第32巻	菩提行經	T1662
論集部	32	第32巻	菩提心觀釋	T1663
論集部	32	第32巻	廣釋菩提心論	T1664
論集部	32	第32巻	金剛頂瑜伽中發阿耨多羅三藐三菩提心論	T1665
論集部	32	第32巻	大乘起信論	T1666
論集部	32	第32巻	大乘起信論	T1667
論集部	32	第32巻	釋摩訶衍論	T1668
論集部	32	第32巻	大宗地玄文本論	T1669
論集部	32	第32巻	那先比丘經	T1670A
論集部	32	第32巻	那先比丘經	T1670B
論集部	32	第32巻	福蓋正行所集經	T1671
論集部	32	第32巻	龍樹菩薩爲禪陀迦王説法要偈	T1672
論集部	32	第32巻	勸發諸王要偈	T1673
論集部	32	第32巻	龍樹菩薩勸誡王頌	T1674
論集部	32	第32巻	讃法界頌	T1675
論集部	32	第32巻	廣大發願頌	T1676
論集部	32	第32巻	三身梵讃	T1677
論集部	32	第32巻	佛三身讃	T1678
論集部	32	第32巻	佛一百八名讃	T1679
論集部	32	第32巻	一百五十讃佛頌	T1680
論集部	32	第32巻	佛吉祥徳讃	T1681
論集部	32	第32巻	七佛讃唄伽他	T1682
論集部	32	第32巻	揵稚梵讃	T1683
論集部	32	第32巻	八大靈塔梵讃	T1684
論集部	32	第32巻	佛説八大靈塔名號經	T1685
論集部	32	第32巻	賢聖集伽陀一百頌	T1686
論集部	32	第32巻	事師法五十頌	T1687
論集部	32	第32巻	密跡力士大權神王經偈頌	T1688
論集部	32	第32巻	請賓頭盧法	T1689
論集部	32	第32巻	賓頭盧突羅闍爲優陀延王説法經	T1690
論集部	32	第32巻	迦葉仙人説醫女人經	T1691
論集部	32	第32巻	勝軍化世百瑜伽他經	T1692
經疏部	33	第33巻	人本欲生經註	T1693
經疏部	33	第33巻	陰持入經註	T1694
經疏部	33	第33巻	大般若波羅蜜多經般若理趣分述讃	T1695
經疏部	33	第33巻	大品遊意	T1696
經疏部	33	第33巻	大慧度經宗要	T1697
經疏部	33	第33巻	金剛般若經疏	T1698
經疏部	33	第33巻	金剛般若疏	T1699
經疏部	33	第33巻	金剛般若經賛述	T1700
經疏部	33	第33巻	金剛般若經疏論纂要	T1701
經疏部	33	第33巻	金剛經纂要刊定記	T1702
經疏部	33	第33巻	金剛般若波羅蜜經註解	T1703
經疏部	33	第33巻	佛説金剛般若波羅蜜經略疏	T1704
經疏部	33	第33巻	仁王護國般若經疏	T1705
經疏部	33	第33巻	佛説仁王護國般若波羅蜜經疏神寶記	T1706
經疏部	33	第33巻	仁王般若經疏	T1707
經疏部	33	第33巻	仁王經疏	T1708
經疏部	33	第33巻	仁王護國般若波羅蜜多經疏	T1709
經疏部	33	第33巻	般若波羅蜜多心經幽賛	T1710
經疏部	33	第33巻	佛説般若波羅蜜多心經賛	T1711
經疏部	33	第33巻	般若波羅蜜多心經略疏	T1712
經疏部	33	第33巻	般若心經略疏連珠記	T1713
經疏部	33	第33巻	般若波羅蜜多心經註解	T1714
經疏部	33	第33巻	法華經義記	T1715
經疏部	33	第33巻	妙法蓮華經玄義	T1716
經疏部	33	第33巻	法華玄義釋籤	T1717
經疏部	34	第34巻	妙法蓮華經文句	T1718
經疏部	34	第34巻	法華文句記	T1719
經疏部	34	第34巻	法華玄論	T1720
經疏部	34	第34巻	法華義疏	T1721
經疏部	34	第34巻	法華遊意	T1722
經疏部	34	第34巻	妙法蓮華經玄賛	T1723
經疏部	34	第34巻	法華玄賛義決	T1724
經疏部	34	第34巻	法華宗要	T1725
經疏部	34	第34巻	觀音玄義	T1726
經疏部	34	第34巻	觀音玄義記	T1727
經疏部	34	第34巻	觀音義疏	T1728
經疏部	34	第34巻	觀音義疏記	T1729
經疏部	34	第34巻	金剛三昧經論	T1730
經疏部	35	第35巻	華嚴遊意	T1731
經疏部	35	第35巻	大方廣佛華嚴經搜玄分齊通智方軌	T1732
經疏部	35	第35巻	華嚴經探玄記	T1733
經疏部	35	第35巻	華嚴經文義綱目	T1734
經疏部	35	第35巻	大方廣佛華嚴經疏	T1735
經疏部	36	第36巻	大方廣佛華嚴經隨疏演義鈔	T1736
經疏部	36	第36巻	大華嚴經略策	T1737
經疏部	36	第36巻	新譯華嚴經七處九會頌釋章	T1738
經疏部	36	第36巻	新華嚴經論	T1739
經疏部	36	第36巻	大方廣佛華嚴經中卷卷大意略叙	T1740
經疏部	36	第36巻	略釋新華嚴經修行次第決疑論	T1741
經疏部	36	第36巻	大方廣佛華嚴經願行觀門骨目	T1742
經疏部	36	第36巻	皇帝降誕日於麟徳殿講大方廣佛華嚴經玄義一部	T1743
經疏部	37	第37巻	勝鬘寶窟	T1744
經疏部	37	第37巻	無量壽經義疏	T1745
經疏部	37	第37巻	無量壽經義疏	T1746
經疏部	37	第37巻	兩卷無量壽經宗要	T1747
經疏部	37	第37巻	無量壽經連義述文賛	T1748
經疏部	37	第37巻	觀無量壽經義疏	T1749
經疏部	37	第37巻	觀無量壽佛經疏	T1750
經疏部	37	第37巻	觀無量壽佛經疏妙宗鈔	T1751
經疏部	37	第37巻	觀無量壽經義疏	T1752
經疏部	37	第37巻	觀無量壽佛經疏	T1753
經疏部	37	第37巻	觀無量壽佛經義疏	T1754
經疏部	37	第37巻	阿彌陀經義記	T1755
經疏部	37	第37巻	阿彌陀經義述	T1756
經疏部	37	第37巻	阿彌陀經疏	T1757
經疏部	37	第37巻	阿彌陀經通賛疏	T1758
經疏部	37	第37巻	佛説阿彌陀經疏	T1759
經疏部	37	第37巻	佛説阿彌陀經疏	T1760
經疏部	37	第37巻	佛説阿彌陀經義疏	T1761
經疏部	37	第37巻	佛説阿彌陀經要解	T1762
經疏部	37	第37巻	大般涅槃經集解	T1763
經疏部	37	第37巻	大般涅槃經義記	T1764
經疏部	38	第38巻	大般涅槃經玄義	T1765
經疏部	38	第38巻	涅槃玄義發源機要	T1766
經疏部	38	第38巻	大般涅槃經疏	T1767
經疏部	38	第38巻	涅槃經遊意	T1768
經疏部	38	第38巻	涅槃宗要	T1769
經疏部	38	第38巻	本願藥師經古迹	T1770
經疏部	38	第38巻	彌勒經遊意	T1771
經疏部	38	第38巻	觀彌勒上生兜率天經賛	T1772
經疏部	38	第38巻	彌勒上生經宗要	T1773
經疏部	38	第38巻	三彌勒經疏	T1774
經疏部	38	第38巻	注維摩詰經	T1775
經疏部	38	第38巻	維摩義記	T1776
經疏部	38	第38巻	維摩經玄疏	T1777
經疏部	38	第38巻	維摩經略疏	T1778
經疏部	38	第38巻	維摩經略疏垂裕記	T1779
經疏部	38	第38巻	淨名玄論	T1780
經疏部	38	第38巻	維摩經義疏	T1781
經疏部	38	第38巻	説無垢稱經疏	T1782
經疏部	39	第39巻	金光明經玄義	T1783
經疏部	39	第39巻	金光明經玄義拾遺記	T1784
經疏部	39	第39巻	金光明經文句	T1785
經疏部	39	第39巻	金光明經文句記	T1786
經疏部	39	第39巻	金光明經疏	T1787
經疏部	39	第39巻	金光明最勝王經疏	T1788
經疏部	39	第39巻	楞伽阿跋多羅寶經註解	T1789
經疏部	39	第39巻	入楞伽心玄義	T1790
經疏部	39	第39巻	注大乘入楞伽經	T1791
經疏部	39	第39巻	佛説盂蘭盆經疏	T1792
經疏部	39	第39巻	温室經義記	T1793
經疏部	39	第39巻	註四十二章經	T1794
經疏部	39	第39巻	大方廣圓覺修多羅了義經略疏	T1795
經疏部	39	第39巻	大毘盧遮那成佛經疏	T1796
經疏部	39	第39巻	大毘盧遮那經供養次第法疏	T1797
經疏部	39	第39巻	金剛頂經大瑜伽祕密心地法門義訣	T1798
經疏部	39	第39巻	首楞嚴義疏注經	T1799
經疏部	39	第39巻	請觀音經疏	T1800
經疏部	39	第39巻	請觀音經疏闡義鈔	T1801
經疏部	39	第39巻	十一面神呪心經義疏	T1802
經疏部	39	第39巻	佛頂尊勝陀羅尼經教跡義記	T1803
律疏部・論疏部	40	第40巻	四分律刪繁補闕行事鈔	T1804
律疏部・論疏部	40	第40巻	四分律行事鈔資持記	T1805
律疏部・論疏部	40	第40巻	四分律比丘含注戒本	T1806
律疏部・論疏部	40	第40巻	四分比丘戒本疏	T1807
律疏部・論疏部	40	第40巻	四分律刪補隨機羯磨	T1808
律疏部・論疏部	40	第40巻	僧羯磨	T1809
律疏部・論疏部	40	第40巻	尼羯磨	T1810
律疏部・論疏部	40	第40巻	菩薩戒義疏	T1811
律疏部・論疏部	40	第40巻	天台菩薩戒疏	T1812
律疏部・論疏部	40	第40巻	梵網經菩薩戒本疏	T1813
律疏部・論疏部	40	第40巻	菩薩戒本疏	T1814
律疏部・論疏部	40	第40巻	梵網經古迹記	T1815
律疏部・論疏部	40	第40巻	金剛般若論會釋	T1816
律疏部・論疏部	40	第40巻	略明般若末後一頌讃述	T1817
律疏部・論疏部	40	第40巻	法華論疏	T1818
律疏部・論疏部	40	第40巻	無量壽經優婆提舍願生偈註	T1819
律疏部・論疏部	40	第40巻	佛遺教經論疏節要	T1820
律疏部・論疏部	41	第41巻	倶舍論記	T1821
律疏部・論疏部	41	第41巻	倶舍論疏	T1822
律疏部・論疏部	41	第41巻	俱舍論頌疏論本	T1823
律疏部・論疏部	42	第42巻	中觀論疏	T1824
律疏部・論疏部	42	第42巻	十二門論疏	T1825
律疏部・論疏部	42	第42巻	十二門論宗致義記	T1826
律疏部・論疏部	42	第42巻	百論疏	T1827
律疏部・論疏部	42	第42巻	瑜伽論記	T1828
律疏部・論疏部	43	第43巻	瑜伽師地論略纂	T1829
律疏部・論疏部	43	第43巻	成唯識論述記	T1830
律疏部・論疏部	43	第43巻	成唯識論掌中樞要	T1831
律疏部・論疏部	43	第43巻	成唯識論了義燈	T1832
律疏部・論疏部	43	第43巻	成唯識論演祕	T1833
律疏部・論疏部	43	第43巻	唯識二十論述記	T1834
律疏部・論疏部	44	第44巻	辯中邊論述記	T1835
律疏部・論疏部	44	第44巻	大乘百法明門論解	T1836
律疏部・論疏部	44	第44巻	大乘百法明門論疏	T1837
律疏部・論疏部	44	第44巻	大乘法界無差別論疏并序	T1838
律疏部・論疏部	44	第44巻	理門論述記	T1839
律疏部・論疏部	44	第44巻	因明入正理論疏	T1840
律疏部・論疏部	44	第44巻	因明義斷	T1841
律疏部・論疏部	44	第44巻	因明入正理論義纂要	T1842
律疏部・論疏部	44	第44巻	大乘起信論義疏	T1843
律疏部・論疏部	44	第44巻	起信論疏	T1844
律疏部・論疏部	44	第44巻	大乘起信論別記	T1845
律疏部・論疏部	44	第44巻	大乘起信論義記	T1846
律疏部・論疏部	44	第44巻	大乘起信論義記別記	T1847
律疏部・論疏部	44	第44巻	起信論疏筆削記	T1848
律疏部・論疏部	44	第44巻	大乘起信論内義略探記	T1849
律疏部・論疏部	44	第44巻	大乘起信論裂網疏	T1850
諸宗部	44	第44巻	大乘義章	T1851
諸宗部	45	第45巻	三論玄義	T1852
諸宗部	45	第45巻	大乘玄論	T1853
諸宗部	45	第45巻	二諦義	T1854
諸宗部	45	第45巻	三論遊意義	T1855
諸宗部	45	第45巻	鳩摩羅什法師大義	T1856
諸宗部	45	第45巻	寶藏論	T1857
諸宗部	45	第45巻	肇論	T1858
諸宗部	45	第45巻	肇論疏	T1859
諸宗部	45	第45巻	肇論新疏	T1860
諸宗部	45	第45巻	大乘法苑義林章	T1861
諸宗部	45	第45巻	勸發菩提心集	T1862
諸宗部	45	第45巻	能顯中邊慧日論	T1863
諸宗部	45	第45巻	大乘入道次第	T1864
諸宗部	45	第45巻	八識規矩補註	T1865
諸宗部	45	第45巻	華嚴一乘教義分齊章	T1866
諸宗部	45	第45巻	華嚴五教止觀	T1867
諸宗部	45	第45巻	華嚴一乘十玄門	T1868
諸宗部	45	第45巻	華嚴五十要問答	T1869
諸宗部	45	第45巻	華嚴經内章門等雜孔目章	T1870
諸宗部	45	第45巻	華嚴經旨歸	T1871
諸宗部	45	第45巻	華嚴策林	T1872
諸宗部	45	第45巻	華嚴經問答	T1873
諸宗部	45	第45巻	華嚴經明法品内立三寶章	T1874
諸宗部	45	第45巻	華嚴經義海百門	T1875
諸宗部	45	第45巻	修華嚴奧旨妄盡還源觀	T1876
諸宗部	45	第45巻	華嚴遊心法界記	T1877
諸宗部	45	第45巻	華嚴發菩提心章	T1878
諸宗部	45	第45巻	華嚴經關脈義記	T1879
諸宗部	45	第45巻	金師子章雲間類解	T1880
諸宗部	45	第45巻	華嚴經金師子章註	T1881
諸宗部	45	第45巻	三聖圓融觀門	T1882
諸宗部	45	第45巻	華嚴法界玄鏡	T1883
諸宗部	45	第45巻	註華嚴法界觀門	T1884
諸宗部	45	第45巻	註華嚴經題法界觀門頌	T1885
諸宗部	45	第45巻	原人論	T1886
諸宗部	45	第45巻	華嚴一乘法界圖	T1887A
諸宗部	45	第45巻	法界圖記叢髓録	T1887B
諸宗部	45	第45巻	解迷顯智成悲十明論	T1888
諸宗部	45	第45巻	海印三昧論	T1889
諸宗部	45	第45巻	華嚴一乘成佛妙義	T1890
諸宗部	45	第45巻	文殊指南圖讃	T1891
諸宗部	45	第45巻	關中創立戒壇圖經并序	T1892
諸宗部	45	第45巻	淨心戒觀法	T1893
諸宗部	45	第45巻	釋門章服儀	T1894
諸宗部	45	第45巻	量處輕重儀	T1895
諸宗部	45	第45巻	釋門歸敬儀	T1896
諸宗部	45	第45巻	教誡新學比丘行護律儀	T1897
諸宗部	45	第45巻	律相感通傳	T1898
諸宗部	45	第45巻	中天竺舍衞國祇洹寺圖經	T1899
諸宗部	45	第45巻	佛制比丘六物圖	T1900
諸宗部	45	第45巻	護命放生軌儀法	T1901
諸宗部	45	第45巻	受用三水要行法	T1902
諸宗部	45	第45巻	説罪要行法	T1903
諸宗部	45	第45巻	根本説一切有部出家授近圓羯磨儀範	T1904
諸宗部	45	第45巻	根本説一切有部苾芻習學略法	T1905
諸宗部	45	第45巻	菩薩戒本宗要	T1906
諸宗部	45	第45巻	菩薩戒本持犯要記	T1907
諸宗部	45	第45巻	大乘六情懺悔	T1908
諸宗部	45	第45巻	慈悲道場懺法	T1909
諸宗部	45	第45巻	慈悲水懺法	T1910
諸宗部	46	第46巻	摩訶止觀	T1911
諸宗部	46	第46巻	止觀輔行傳弘決	T1912
諸宗部	46	第46巻	止觀義例	T1913
諸宗部	46	第46巻	止觀大意	T1914
諸宗部	46	第46巻	修習止觀坐禪法要	T1915
諸宗部	46	第46巻	釋禪波羅蜜次第法門	T1916
諸宗部	46	第46巻	六妙法門	T1917
諸宗部	46	第46巻	四念處	T1918
諸宗部	46	第46巻	天台智者大師禪門口訣	T1919
諸宗部	46	第46巻	觀心論亦名煎乳論	T1920
諸宗部	46	第46巻	觀心論疏	T1921
諸宗部	46	第46巻	釋摩訶般若波羅蜜經覺意三昧	T1922
諸宗部	46	第46巻	諸法無諍三昧法門	T1923
諸宗部	46	第46巻	大乘止觀法門	T1924
諸宗部	46	第46巻	法界次第初門	T1925
諸宗部	46	第46巻	法華經安樂行義	T1926
諸宗部	46	第46巻	十不二門	T1927
諸宗部	46	第46巻	十不二門指要鈔	T1928
諸宗部	46	第46巻	四教義	T1929
諸宗部	46	第46巻	天台八教大意	T1930
諸宗部	46	第46巻	天台四教儀	T1931
諸宗部	46	第46巻	金剛錍	T1932
諸宗部	46	第46巻	南嶽思大禪師立誓願文	T1933
諸宗部	46	第46巻	國清百録	T1934
諸宗部	46	第46巻	法智遺編觀心二百問	T1935
諸宗部	46	第46巻	四明十義書	T1936
諸宗部	46	第46巻	四明尊者教行録	T1937
諸宗部	46	第46巻	天台傳佛心印記	T1938
諸宗部	46	第46巻	教觀綱宗	T1939
諸宗部	46	第46巻	方等三昧行法	T1940
諸宗部	46	第46巻	法華三昧懺儀	T1941
諸宗部	46	第46巻	法華三昧行事運想補助儀	T1942
諸宗部	46	第46巻	略法華三昧補助儀	T1943
諸宗部	46	第46巻	禮法華經儀式	T1944
諸宗部	46	第46巻	金光明懺法補助儀	T1945
諸宗部	46	第46巻	金光明最勝懺儀	T1946
諸宗部	46	第46巻	釋迦如來涅槃禮讃文	T1947
諸宗部	46	第46巻	天台智者大師齋忌禮讃文	T1948
諸宗部	46	第46巻	請觀世音菩薩消伏毒害陀羅尼三昧儀	T1949
諸宗部	46	第46巻	千手眼大悲心呪行法	T1950
諸宗部	46	第46巻	熾盛光道場念誦儀	T1951
諸宗部	46	第46巻	觀自在菩薩如意輪呪課法	T1952
諸宗部	46	第46巻	菩提心義	T1953
諸宗部	46	第46巻	明佛法根本碑	T1954
諸宗部	46	第46巻	顯密圓通成佛心要集	T1955
諸宗部	46	第46巻	密呪圓因往生集	T1956
諸宗部	47	第47巻	略論安樂淨土義	T1957
諸宗部	47	第47巻	安樂集	T1958
諸宗部	47	第47巻	觀念阿彌陀佛相海三昧功徳法門	T1959
諸宗部	47	第47巻	釋淨土群疑論	T1960
諸宗部	47	第47巻	淨土十疑論	T1961
諸宗部	47	第47巻	五方便念佛門	T1962
諸宗部	47	第47巻	淨土論	T1963
諸宗部	47	第47巻	西方要決釋疑通規	T1964
諸宗部	47	第47巻	遊心安樂道	T1965
諸宗部	47	第47巻	念佛鏡	T1966
諸宗部	47	第47巻	念佛三昧寶王論	T1967
諸宗部	47	第47巻	往生淨土決疑行願二門	T1968
諸宗部	47	第47巻	樂邦文類	T1969A
諸宗部	47	第47巻	樂邦遺稿	T1969B
諸宗部	47	第47巻	龍舒増廣淨土文	T1970
諸宗部	47	第47巻	淨土境觀要門	T1971
諸宗部	47	第47巻	淨土或問	T1972
諸宗部	47	第47巻	廬山蓮宗寶鑑	T1973
諸宗部	47	第47巻	寶王三昧念佛直指	T1974
諸宗部	47	第47巻	淨土生無生論	T1975
諸宗部	47	第47巻	西方合論	T1976
諸宗部	47	第47巻	淨土疑辨	T1977
諸宗部	47	第47巻	讃阿彌陀佛偈	T1978
諸宗部	47	第47巻	轉經行道願往生淨土法事讃	T1979
諸宗部	47	第47巻	往生禮讃偈	T1980
諸宗部	47	第47巻	依觀經等明般舟三昧行道往生讃	T1981
諸宗部	47	第47巻	集諸經禮懺儀	T1982
諸宗部	47	第47巻	淨土五會念佛略法事儀讃	T1983
諸宗部	47	第47巻	往生淨土懺願儀	T1984
諸宗部	47	第47巻	鎭州臨濟慧照禪師語録	T1985
諸宗部	47	第47巻	筠州洞山悟本禪師語録	T1986A
諸宗部	47	第47巻	瑞州洞山良价禪師語録	T1986B
諸宗部	47	第47巻	撫州曹山元證禪師語録	T1987A
諸宗部	47	第47巻	撫州曹山本寂禪師語録	T1987B
諸宗部	47	第47巻	雲門匡眞禪師廣録	T1988
諸宗部	47	第47巻	潭州潙山靈祐禪師語録	T1989
諸宗部	47	第47巻	袁州仰山慧寂禪師語録	T1990
諸宗部	47	第47巻	金陵清涼院文益禪師語録	T1991
諸宗部	47	第47巻	汾陽無徳禪師語録	T1992
諸宗部	47	第47巻	黄龍慧南禪師語録/附、黄龍慧南禪師語録續補東晙	T1993
諸宗部	47	第47巻	楊岐方會和尚語録	T1994A
諸宗部	47	第47巻	楊岐方會和尚後録	T1994B
諸宗部	47	第47巻	法演禪師語録	T1995
諸宗部	47	第47巻	明覺禪師語録/附、明州雪竇山資聖寺第六租明覺大師塔銘(呂夏卿)	T1996
諸宗部	47	第47巻	圓悟佛果禪師語録	T1997
諸宗部	47	第47巻	大慧普覺禪師語録	T1998A
諸宗部	47	第47巻	大慧普覺禪師宗門武庫	T1998B
諸宗部	47	第47巻	密菴和尚語録	T1999
諸宗部	47	第47巻	虚堂和尚語録	T2000
諸宗部	48	第48巻	宏智禪師廣録	T2001
諸宗部	48	第48巻	如淨和尚語録	T2002A
諸宗部	48	第48巻	天童山景徳寺如淨禪師續語録	T2002B
諸宗部	48	第48巻	佛果圓悟禪師碧巖録	T2003
諸宗部	48	第48巻	萬松老人評唱天童覺和尚頌古從容庵録	T2004
諸宗部	48	第48巻	無門關	T2005
諸宗部	48	第48巻	人天眼目	T2006
諸宗部	48	第48巻	南宗頓教最上大乘摩訶般若波羅蜜經六祖惠能大師於韶州大梵寺施法壇經	T2007
諸宗部	48	第48巻	六祖大師法寶壇經/附、六租大師縁記外記(法海)	T2008
諸宗部	48	第48巻	少室六門	T2009
諸宗部	48	第48巻	信心銘	T2010
諸宗部	48	第48巻	最上乘論	T2011
諸宗部	48	第48巻	黄檗山斷際禪師傳心法要	T2012A
諸宗部	48	第48巻	黄檗斷際禪師宛陵録	T2012B
諸宗部	48	第48巻	禪宗永嘉集	T2013
諸宗部	48	第48巻	永嘉證道歌/附、無相大師行状	T2014
諸宗部	48	第48巻	禪源諸詮集都序	T2015
諸宗部	48	第48巻	宗鏡録	T2016
諸宗部	48	第48巻	萬善同歸集	T2017
諸宗部	48	第48巻	永明智覺禪師唯心訣	T2018
諸宗部	48	第48巻	眞心直説	T2019A
諸宗部	48	第48巻	誡初心學人文	T2019B
諸宗部	48	第48巻	高麗國普照禪師修心訣	T2020
諸宗部	48	第48巻	禪宗決疑集	T2021
諸宗部	48	第48巻	禪林寶訓	T2022
諸宗部	48	第48巻	緇門警訓	T2023
諸宗部	48	第48巻	禪關策進	T2024
諸宗部	48	第48巻	勅修百丈清規	T2025
史傳部	49	第49巻	撰集三藏及雜藏傳	T2026
史傳部	49	第49巻	迦葉結經	T2027
史傳部	49	第49巻	迦丁比丘説當來變經	T2028
史傳部	49	第49巻	佛使比丘迦旃延説法沒盡偈百二十章	T2029
史傳部	49	第49巻	大阿羅漢難提蜜多羅所説法住記	T2030
史傳部	49	第49巻	異部宗輪論	T2031
史傳部	49	第49巻	十八部論	T2032
史傳部	49	第49巻	部執異論	T2033
史傳部	49	第49巻	歴代三寶紀	T2034
史傳部	49	第49巻	佛祖統紀	T2035
史傳部	49	第49巻	佛祖歴代通載	T2036
史傳部	49	第49巻	釋氏稽古略	T2037
史傳部	49	第49巻	釋鑑稽古略續集	T2038
史傳部	49	第49巻	三國遺事	T2039
史傳部	50	第50巻	釋迦譜	T2040
史傳部	50	第50巻	釋迦氏譜	T2041
史傳部	50	第50巻	阿育王傳	T2042
史傳部	50	第50巻	阿育王經	T2043
史傳部	50	第50巻	天尊説阿育王譬喩經	T2044
史傳部	50	第50巻	阿育王息壞目因縁經	T2045
史傳部	50	第50巻	馬鳴菩薩傳	T2046
史傳部	50	第50巻	龍樹菩薩傳	T2047
史傳部	50	第50巻	提婆菩薩傳	T2048
史傳部	50	第50巻	婆藪槃豆法師傳	T2049
史傳部	50	第50巻	隋天台智者大師別傳	T2050
史傳部	50	第50巻	唐護法沙門法琳別傳	T2051
史傳部	50	第50巻	大唐故三藏玄奘法師行状	T2052
史傳部	50	第50巻	大唐大慈恩寺三藏法師傳	T2053
史傳部	50	第50巻	唐大薦福寺故寺主翻經大徳法藏和尚傳	T2054
史傳部	50	第50巻	玄宗朝翻經三藏善無畏贈鴻臚卿行状	T2055
史傳部	50	第50巻	大唐故大徳贈司空大辨正廣智不空三藏行状	T2056
史傳部	50	第50巻	大唐青龍寺三朝供奉大徳行状	T2057
史傳部	50	第50巻	付法藏因縁傳	T2058
史傳部	50	第50巻	高僧傳	T2059
史傳部	50	第50巻	續高僧傳	T2060
史傳部	50	第50巻	宋高僧傳	T2061
史傳部	50	第50巻	大明高僧傳	T2062
史傳部	50	第50巻	比丘尼傳	T2063
史傳部	50	第50巻	神僧傳	T2064
史傳部	50	第50巻	海東高僧傳	T2065
史傳部	51	第51巻	大唐西域求法高僧傳	T2066
史傳部	51	第51巻	弘賛法華傳	T2067
史傳部	51	第51巻	法華傳記	T2068
史傳部	51	第51巻	天台九祖傳	T2069
史傳部	51	第51巻	往生西方淨土瑞應傳	T2070
史傳部	51	第51巻	淨土往生傳	T2071
史傳部	51	第51巻	往生集	T2072
史傳部	51	第51巻	華嚴經傳記	T2073
史傳部	51	第51巻	大方廣佛華嚴經感應傳	T2074
史傳部	51	第51巻	曆代法寶記	T2075
史傳部	51	第51巻	景徳傳燈録	T2076
史傳部	51	第51巻	續傳燈録	T2077
史傳部	51	第51巻	傳法正宗記	T2078
史傳部	51	第51巻	傳法正宗定祖圖	T2079
史傳部	51	第51巻	傳法正宗論	T2080
史傳部	51	第51巻	兩部大法相承師資付法記	T2081
史傳部	51	第51巻	冥報記	T2082
史傳部	51	第51巻	釋門自鏡録	T2083
史傳部	51	第51巻	三寶感應要略録	T2084
史傳部	51	第51巻	高僧法顯傳	T2085
史傳部	51	第51巻	北魏僧惠生使西域記	T2086
史傳部	51	第51巻	大唐西域記	T2087
史傳部	51	第51巻	釋迦方志	T2088
史傳部	51	第51巻	釋迦牟尼如來像法滅盡之記	T2090
史傳部	51	第51巻	燉煌録	T2091
史傳部	51	第51巻	洛陽伽藍記	T2092
史傳部	51	第51巻	寺塔記	T2093
史傳部	51	第51巻	梁京寺記	T2094
史傳部	51	第51巻	廬山記	T2095
史傳部	51	第51巻	天台山記	T2096
史傳部	51	第51巻	南嶽總勝集	T2097
史傳部	51	第51巻	古清涼傳	T2098
史傳部	51	第51巻	廣清涼傳	T2099
史傳部	51	第51巻	續清涼傳	T2100
史傳部	51	第51巻	補陀洛迦山傳	T2101
史傳部	52	第52巻	弘明集	T2102
史傳部	52	第52巻	廣弘明集	T2103
史傳部	52	第52巻	集古今佛道論衡	T2104
史傳部	52	第52巻	續集古今佛道論衡	T2105
史傳部	52	第52巻	集神州三寶感通録	T2106
史傳部	52	第52巻	道宣律師感通録	T2107
史傳部	52	第52巻	集沙門不應拜俗等事	T2108
史傳部	52	第52巻	破邪論	T2109
史傳部	52	第52巻	辯正論	T2110
史傳部	52	第52巻	十門辯惑論	T2111
史傳部	52	第52巻	甄正論	T2112
史傳部	52	第52巻	北山録	T2113
史傳部	52	第52巻	護法論	T2114
史傳部	52	第52巻	鐔津文集	T2115
史傳部	52	第52巻	辯僞録	T2116
史傳部	52	第52巻	三教平心論	T2117
史傳部	52	第52巻	折疑論	T2118
史傳部	52	第52巻	寺沙門玄奘上表記	T2119
史傳部	52	第52巻	代宗朝贈司空大辨正廣智三藏和上表制集	T2120
事彙部・外教部・目録部	53	第53巻	經律異相	T2121
事彙部・外教部・目録部	53	第53巻	法苑珠林	T2122
事彙部・外教部・目録部	54	第54巻	諸經要集	T2123
事彙部・外教部・目録部	54	第54巻	法門名義集	T2124
事彙部・外教部・目録部	54	第54巻	南海寄歸内法傳	T2125
事彙部・外教部・目録部	54	第54巻	大宋僧史略/附、紹興朝旨改正僧道班文字一集	T2126
事彙部・外教部・目録部	54	第54巻	釋氏要覽	T2127
事彙部・外教部・目録部	54	第54巻	一切經音義	T2128
事彙部・外教部・目録部	54	第54巻	續一切經音義	T2129
事彙部・外教部・目録部	54	第54巻	翻梵語	T2130
事彙部・外教部・目録部	54	第54巻	翻譯名義集	T2131
事彙部・外教部・目録部	54	第54巻	悉曇字記	T2132
事彙部・外教部・目録部	54	第54巻	梵語千字文	T2133A
事彙部・外教部・目録部	54	第54巻	梵語千字文	T2133B
事彙部・外教部・目録部	54	第54巻	唐梵文字	T2134
事彙部・外教部・目録部	54	第54巻	梵語雜名	T2135
事彙部・外教部・目録部	54	第54巻	唐梵兩語雙對集	T2136
事彙部・外教部・目録部	54	第54巻	金七十論	T2137
事彙部・外教部・目録部	54	第54巻	勝宗十句義論	T2138
事彙部・外教部・目録部	54	第54巻	老子化胡經	T2139
事彙部・外教部・目録部	54	第54巻	摩尼教下部讚	T2140
事彙部・外教部・目録部	54	第54巻	摩尼光佛教法儀略	T2141A
事彙部・外教部・目録部	54	第54巻	波斯教殘經	T2141B
事彙部・外教部・目録部	54	第54巻	序聽迷詩所經	T2142
事彙部・外教部・目録部	54	第54巻	景教三威蒙度讚	T2143
事彙部・外教部・目録部	54	第54巻	大秦景教流行中國碑頌	T2144
事彙部・外教部・目録部	55	第55巻	出三藏記集	T2145
事彙部・外教部・目録部	55	第55巻	衆經目録	T2146
事彙部・外教部・目録部	55	第55巻	衆經目録	T2147
事彙部・外教部・目録部	55	第55巻	衆經目録	T2148
事彙部・外教部・目録部	55	第55巻	大唐内典録	T2149
事彙部・外教部・目録部	55	第55巻	續大唐内典録	T2150
事彙部・外教部・目録部	55	第55巻	古今譯經圖紀	T2151
事彙部・外教部・目録部	55	第55巻	續古今譯經圖紀	T2152
事彙部・外教部・目録部	55	第55巻	大周刊定衆經目録	T2153
事彙部・外教部・目録部	55	第55巻	開元釋教録/附、入藏目録	T2154
事彙部・外教部・目録部	55	第55巻	開元釋教録略出	T2155
事彙部・外教部・目録部	55	第55巻	大唐貞元續開元釋教録	T2156
事彙部・外教部・目録部	55	第55巻	貞元新定釋教目録	T2157
事彙部・外教部・目録部	55	第55巻	續貞元釋教録	T2158
事彙部・外教部・目録部	55	第55巻	傳教大師將來台州録	T2159
事彙部・外教部・目録部	55	第55巻	傳教大師將來越州録	T2160
事彙部・外教部・目録部	55	第55巻	御請來目録	T2161
事彙部・外教部・目録部	55	第55巻	根本大和尚眞跡策子等目録	T2162
事彙部・外教部・目録部	55	第55巻	常曉和尚請來目録	T2163
事彙部・外教部・目録部	55	第55巻	靈巖寺和尚請來法門道具等目錄	T2164
事彙部・外教部・目録部	55	第55巻	日本國承和五年入唐求法目録	T2165
事彙部・外教部・目録部	55	第55巻	慈覺大師在唐送進録	T2166
事彙部・外教部・目録部	55	第55巻	入唐新求聖教目録	T2167
事彙部・外教部・目録部	55	第55巻	惠運禪師將來教法目録	T2168A
事彙部・外教部・目録部	55	第55巻	惠運律師書目録	T2168B
事彙部・外教部・目録部	55	第55巻	開元寺求得經疏記等目録	T2169
事彙部・外教部・目録部	55	第55巻	福州温州台州求得經律論疏記外書等目録	T2170
事彙部・外教部・目録部	55	第55巻	青龍寺求法目録	T2171
事彙部・外教部・目録部	55	第55巻	日本比丘圓珍入唐求法目録	T2172
事彙部・外教部・目録部	55	第55巻	智證大師請來目録	T2173
事彙部・外教部・目録部	55	第55巻	新書寫請來法門等目録	T2174A
事彙部・外教部・目録部	55	第55巻	禪林寺宗叡僧正目録	T2174B
事彙部・外教部・目録部	55	第55巻	録外經等目録	T2175
事彙部・外教部・目録部	55	第55巻	諸阿闍梨眞言密教部類總録	T2176
事彙部・外教部・目録部	55	第55巻	華嚴宗章疏并因明録	T2177
事彙部・外教部・目録部	55	第55巻	天台宗章疏	T2178
事彙部・外教部・目録部	55	第55巻	三論宗章疏	T2179
事彙部・外教部・目録部	55	第55巻	法相宗章疏	T2180
事彙部・外教部・目録部	55	第55巻	注進法相宗章疏	T2181
事彙部・外教部・目録部	55	第55巻	律宗章疏	T2182
事彙部・外教部・目録部	55	第55巻	東域傳燈目録	T2183
事彙部・外教部・目録部	55	第55巻	新編諸宗教藏總録	T2184
續經疏部	56	第56巻	勝鬘經義疏	T2185
續經疏部	56	第56巻	維摩經義疏	T2186
續經疏部	56	第56巻	法華義疏	T2187
續經疏部	56	第56巻	法華略抄	T2188
續經疏部	56	第56巻	妙法蓮華經釋文	T2189
續經疏部	56	第56巻	法華經開題	T2190
續經疏部	56	第56巻	法華經祕釋	T2191
續經疏部	56	第56巻	入真言門住如實見講演法華略儀	T2192
續經疏部	56	第56巻	注無量義經	T2193
續經疏部	56	第56巻	佛説觀普賢菩薩行法經記	T2194
續經疏部	56	第56巻	法華開示抄/附、無量義經開示抄、普賢經開示抄	T2195
續經疏部	56	第56巻	金光明最勝王經玄樞	T2196
續經疏部	56	第56巻	金光明最勝王經註釋	T2197
續經疏部	56	第56巻	最勝王經羽足	T2198
續經疏部	56	第56巻	最勝王經開題/附、最勝王經祕密伽陀	T2199
續經疏部	56	第56巻	仁王經開題	T2200
續經疏部	57	第57巻	金剛般若波羅蜜經開題	T2201
續經疏部	57	第57巻	般若心經述義	T2202
續經疏部	57	第57巻	般若心經祕鍵	T2203A
續經疏部	57	第57巻	般若心經祕鍵略註	T2203B
續經疏部	57	第57巻	般若心經祕鍵開門訣	T2204
續經疏部	57	第57巻	華嚴演義鈔纂釋	T2205
續經疏部	57	第57巻	新譯華嚴經音義	T2206A
續經疏部	57	第57巻	貞元華嚴經音義	T2206B
續經疏部	57	第57巻	淨土三部經音義集	T2207
續經疏部	57	第57巻	淨土疑端	T2208A
續經疏部	57	第57巻	觀經義賢問愚答鈔	T2208B
續經疏部	57	第57巻	觀經義拙疑巧答研覈鈔	T2208C
續經疏部	57	第57巻	觀經疏傳通記	T2209
續經疏部	57	第57巻	阿彌陀經略記	T2210
續經疏部	58	第58巻	大日經開題	T2211
續經疏部	58	第58巻	大毗盧遮那經指歸	T2212
續經疏部	58	第58巻	大日經疏妙印鈔	T2213
續經疏部	58	第58巻	大日經疏妙印鈔口傳	T2214
續經疏部	58	第58巻	大日經住心品疏私記	T2215
續經疏部	59	第59巻	大日經疏演奧鈔	T2216
續經疏部	59	第59巻	大日經疏指心鈔	T2217
續經疏部	60	第60巻	大日經疏鈔	T2218
續經疏部	60	第60巻	大日經住心品疏私記	T2219
續經疏部	60	第60巻	大日經供養次第法疏私記	T2220
續經疏部	61	第61巻	金剛頂經開題	T2221
續經疏部	61	第61巻	教王經開題	T2222
續經疏部	61	第61巻	金剛頂大教王經疏	T2223
續經疏部	61	第61巻	金剛頂經偈釋	T2224
續經疏部	61	第61巻	金剛頂大教王經私記	T2225
續經疏部	61	第61巻	三十卷教王經文次第	T2226
續經疏部	61	第61巻	蘇悉地羯羅經略疏	T2227
續經疏部	61	第61巻	金剛峰樓閣一切瑜伽瑜祇經修行法	T2228
續經疏部	61	第61巻	瑜祇總行私記	T2229
續經疏部	61	第61巻	菩提場經略義釋	T2230
續經疏部	61	第61巻	蓮華胎藏界儀軌解釋	T2231
續經疏部	61	第61巻	梵嚩日羅駄覩私記	T2232
續經疏部	61	第61巻	大佛頂經開題	T2233
續經疏部	61	第61巻	注大佛頂眞言	T2234
續經疏部	61	第61巻	大佛頂如來放光悉怛他鉢怛囉陀羅尼勘註	T2235
續經疏部	61	第61巻	理趣經開題	T2236
續經疏部	61	第61巻	眞實經文句	T2237
續經疏部	61	第61巻	理趣經種子釋	T2238
續經疏部	61	第61巻	大樂經顯義抄	T2239
續經疏部	61	第61巻	理趣釋重釋記	T2240
續經疏部	61	第61巻	理趣釋祕要鈔	T2241
續經疏部	61	第61巻	大隨求陀羅尼勘註	T2242
續經疏部	61	第61巻	千手經二十八部衆釋	T2243
續經疏部	61	第61巻	孔雀經音義	T2244
續經疏部	61	第61巻	不空羂索毗盧遮那佛大灌頂光明真言句義釋	T2245
續律疏部・續論疏部	62	第62巻	梵網經開題	T2246
續律疏部・續論疏部	62	第62巻	梵網戒本疏日珠鈔	T2247
續律疏部・續論疏部	62	第62巻	資行鈔	T2248
續律疏部・續論疏部	63	第63巻	倶舍論本義抄	T2249
續律疏部・續論疏部	63	第63巻	阿毘達磨倶舍論指要鈔	T2250
續律疏部・續論疏部	64	第64巻	阿毘達磨倶舍論法義	T2251
續律疏部・續論疏部	64	第64巻	阿毘達磨倶舍論稽古	T2252
續律疏部・續論疏部	64	第64巻	倶舍論頌疏正文	T2253
續律疏部・續論疏部	64	第64巻	倶舍論頌疏抄	T2254
續律疏部・續論疏部	65	第65巻	中論疏記	T2255
續律疏部・續論疏部	65	第65巻	中觀論二十七品別釋	T2256
續律疏部・續論疏部	65	第65巻	十二門論疏聞思記	T2257
續律疏部・續論疏部	65	第65巻	掌珍量噵	T2258
續律疏部・續論疏部	65	第65巻	瑜伽論問答	T2259
續律疏部・續論疏部	65	第65巻	成唯識論述記序釋	T2260
續律疏部・續論疏部	65	第65巻	唯識義燈増明記	T2261
續律疏部・續論疏部	65	第65巻	成唯識論本文抄	T2262
續律疏部・續論疏部	66	第66巻	唯識論同學鈔	T2263
續律疏部・續論疏部	66	第66巻	唯識論聞書	T2264
續律疏部・續論疏部	66	第66巻	唯識論訓論日記	T2265
續律疏部・續論疏部	67	第67巻	成唯識論述記集成編	T2266
續律疏部・續論疏部	68	第68巻	成唯識論略疏	T2267
續律疏部・續論疏部	68	第68巻	注三十頌	T2268
續律疏部・續論疏部	68	第68巻	攝大乘論釋略疏	T2269
續律疏部・續論疏部	68	第68巻	因明論疏明燈抄	T2270
續律疏部・續論疏部	68	第68巻	因明大疏抄	T2271
續律疏部・續論疏部	69	第69巻	因明大疏融貫鈔	T2272
續律疏部・續論疏部	69	第69巻	因明大疏噵	T2273
續律疏部・續論疏部	69	第69巻	因明大疏裏書	T2274
續律疏部・續論疏部	69	第69巻	因明四種相違私記	T2275
續律疏部・續論疏部	69	第69巻	因明論疏四相違略註釋	T2276
續律疏部・續論疏部	69	第69巻	因明四種相違略私記	T2277
續律疏部・續論疏部	69	第69巻	四種相違斷略記	T2278
續律疏部・續論疏部	69	第69巻	因明纂要略記	T2279
續律疏部・續論疏部	69	第69巻	因明大疏四種相違抄	T2280
續律疏部・續論疏部	69	第69巻	明本抄	T2281
續律疏部・續論疏部	69	第69巻	明要抄	T2282
續律疏部・續論疏部	69	第69巻	起信論抄出	T2283
續律疏部・續論疏部	69	第69巻	釋摩訶衍論指事	T2284
續律疏部・續論疏部	69	第69巻	釋摩訶衍論指事	T2285
續律疏部・續論疏部	69	第69巻	釋摩訶衍論決疑破難會釋抄	T2286
續律疏部・續論疏部	69	第69巻	釋摩訶衍論立義分略釋	T2287
續律疏部・續論疏部	69	第69巻	釋摩訶衍論應教鈔	T2288
續律疏部・續論疏部	69	第69巻	釋摩訶衍論私記	T2289
續律疏部・續論疏部	69	第69巻	釋摩訶衍論勘注	T2290
續律疏部・續論疏部	70	第70巻	金剛頂瑜伽中發阿耨多羅三藐三菩提心論祕釋	T2291
續律疏部・續論疏部	70	第70巻	金剛頂發菩提心論私抄	T2292
續律疏部・續論疏部	70	第70巻	金剛頂宗菩提心論口決	T2293
續律疏部・續論疏部	70	第70巻	菩提心論見聞	T2294
續律疏部・續論疏部	70	第70巻	菩提心論異本/附、菩提心論愚疑	T2295
續諸宗部	70	第70巻	大乘三論大義鈔	T2296
續諸宗部	70	第70巻	一乘佛性慧日抄	T2297
續諸宗部	70	第70巻	大乘正觀略私記	T2298
續諸宗部	70	第70巻	三論玄疏文義要	T2299
續諸宗部	70	第70巻	三論玄義檢幽集	T2300
續諸宗部	70	第70巻	三論玄義鈔	T2301
續諸宗部	70	第70巻	三論玄義誘蒙	T2302
續諸宗部	70	第70巻	大乘玄問答	T2303
續諸宗部	70	第70巻	一乘義私記	T2304
續諸宗部	70	第70巻	八識義章研習抄	T2305
續諸宗部	70	第70巻	三論名教抄	T2306
續諸宗部	70	第70巻	三論興縁	T2307A
續諸宗部	70	第70巻	三論宗濫觴	T2307B
續諸宗部	70	第70巻	三論宗初心初學鈔	T2308
續諸宗部	71	第71巻	大乘法相研神章	T2309
續諸宗部	71	第71巻	法相燈明記	T2310
續諸宗部	71	第71巻	心要鈔	T2311
續諸宗部	71	第71巻	觀心覺夢鈔	T2312
續諸宗部	71	第71巻	眞心要決	T2313
續諸宗部	71	第71巻	二卷鈔	T2314
續諸宗部	71	第71巻	略述法相義	T2315
續諸宗部	71	第71巻	大乘一切法相玄論	T2316
續諸宗部	71	第71巻	法苑義鏡	T2317
續諸宗部	71	第71巻	五心義略記	T2318
續諸宗部	71	第71巻	唯識義私記	T2319
續諸宗部	71	第71巻	法相宗賢聖義略問答卷第四	T2320
續諸宗部	71	第71巻	唯識分量決	T2321
續諸宗部	71	第71巻	四分義極略私記	T2322
續諸宗部	71	第71巻	大乘法苑義林章師子吼鈔	T2323
續諸宗部	71	第71巻	七十五法名目	T2324
續諸宗部	71	第71巻	有宗七十五法記	T2325
續諸宗部	72	第72巻	華嚴宗一乘開心論	T2326
續諸宗部	72	第72巻	華嚴一乘義私記	T2327
續諸宗部	72	第72巻	華嚴宗種性義抄	T2328
續諸宗部	72	第72巻	華嚴論草	T2329
續諸宗部	72	第72巻	華嚴信種義	T2330
續諸宗部	72	第72巻	華嚴修禪觀照入解脱門義	T2331
續諸宗部	72	第72巻	華嚴佛光三昧觀祕寶藏	T2332
續諸宗部	72	第72巻	華嚴宗香薫抄	T2333
續諸宗部	72	第72巻	華嚴宗大要抄	T2334
續諸宗部	72	第72巻	華嚴宗要義	T2335
續諸宗部	72	第72巻	華嚴宗所立五教十宗大意略抄	T2336
續諸宗部	72	第72巻	華嚴五教章指事	T2337
續諸宗部	72	第72巻	華嚴五教章名目	T2338
續諸宗部	72	第72巻	五教章通路記	T2339
續諸宗部	72	第72巻	華嚴五教章問答抄	T2340
續諸宗部	73	第73巻	華嚴五教章深意鈔	T2341
續諸宗部	73	第73巻	華嚴五教章見聞鈔	T2342
續諸宗部	73	第73巻	華嚴五教章不審	T2343
續諸宗部	73	第73巻	華嚴五教章匡眞鈔	T2344
續諸宗部	73	第73巻	華嚴五教章衍祕鈔/附、華嚴五教章科	T2345
續諸宗部	73	第73巻	金師子章勘文	T2346
續諸宗部	74	第74巻	戒律傳來記	T2347
續諸宗部	74	第74巻	律宗綱要	T2348
續諸宗部	74	第74巻	東大寺受戒方軌	T2349
續諸宗部	74	第74巻	東大寺戒壇院受戒式	T2350
續諸宗部	74	第74巻	唐招提寺戒壇別受戒式	T2351
續諸宗部	74	第74巻	菩薩戒本宗要雜文集	T2352
續諸宗部	74	第74巻	菩薩戒通受遣疑鈔	T2353
續諸宗部	74	第74巻	菩薩戒通別二受鈔	T2354
續諸宗部	74	第74巻	通受比丘懺悔兩寺不同記	T2355
續諸宗部	74	第74巻	菩薩戒本宗要輔行文集	T2356
續諸宗部	74	第74巻	應理宗戒圖釋文鈔	T2357
續諸宗部	74	第74巻	菩薩戒問答洞義鈔	T2358A
續諸宗部	74	第74巻	菩薩戒綱要鈔	T2358B
續諸宗部	74	第74巻	律宗行事目心鈔	T2359
續諸宗部	74	第74巻	大乘圓戒顯正論	T2360
續諸宗部	74	第74巻	願文	T2361
續諸宗部	74	第74巻	守護國界章	T2362
續諸宗部	74	第74巻	法華長講會式	T2363
續諸宗部	74	第74巻	長講金光明經會式	T2364
續諸宗部	74	第74巻	長講仁王般若經會式	T2365
續諸宗部	74	第74巻	天台法華宗義集	T2366
續諸宗部	74	第74巻	授決集	T2367
續諸宗部	74	第74巻	諸家教相同異略集	T2368
續諸宗部	74	第74巻	定宗論	T2369
續諸宗部	74	第74巻	一乘要決	T2370
續諸宗部	74	第74巻	漢光類聚	T2371
續諸宗部	74	第74巻	天台眞言二宗同異章	T2372
續諸宗部	74	第74巻	圓密宗二教名目	T2373
續諸宗部	74	第74巻	宗要柏原案立	T2374
續諸宗部	74	第74巻	天台圓宗四教五時西谷名目	T2375
續諸宗部	74	第74巻	顯戒論	T2376
續諸宗部	74	第74巻	山家學生式	T2377
續諸宗部	74	第74巻	授菩薩戒儀	T2378
續諸宗部	74	第74巻	傳述一心戒文	T2379
續諸宗部	74	第74巻	顯揚大戒論	T2380
續諸宗部	74	第74巻	普通授菩薩戒廣釋	T2381
續諸宗部	74	第74巻	新學行要鈔	T2382
續諸宗部	74	第74巻	菩薩圓頓授戒灌頂記	T2383
續諸宗部	74	第74巻	圓戒指掌	T2384
續諸宗部	75	第75巻	胎藏界虚心記	T2385
續諸宗部	75	第75巻	金剛界淨地記	T2386
續諸宗部	75	第75巻	蘇悉地妙心大	T2387
續諸宗部	75	第75巻	妙成就記	T2388
續諸宗部	75	第75巻	眞言所立三身問答	T2389
續諸宗部	75	第75巻	胎藏界大法對受記	T2390
續諸宗部	75	第75巻	金剛界大法對受記	T2391
續諸宗部	75	第75巻	蘇悉地對受記	T2392
續諸宗部	75	第75巻	觀中院撰定事業灌頂具足支分	T2393
續諸宗部	75	第75巻	大日經供養持誦不同	T2394
續諸宗部	75	第75巻	教時諍	T2395A
續諸宗部	75	第75巻	教時諍論	T2395B
續諸宗部	75	第75巻	眞言宗教時義	T2396
續諸宗部	75	第75巻	胎藏金剛菩提心義略問答抄	T2397
續諸宗部	75	第75巻	胎藏三密抄	T2398
續諸宗部	75	第75巻	三密抄料簡	T2399
續諸宗部	75	第75巻	金剛三密抄	T2400
續諸宗部	75	第75巻	東曼荼羅抄	T2401
續諸宗部	75	第75巻	西曼荼羅抄	T2402
續諸宗部	75	第75巻	五相成身私記	T2403
續諸宗部	75	第75巻	胎藏界生起	T2404
續諸宗部	75	第75巻	祕密壇都法大阿闍梨常念誦生起	T2405
續諸宗部	75	第75巻	金剛界次第生起/附、謹答金剛界疑問總來十條	T2406
續諸宗部	75	第75巻	隨要記	T2407
續諸宗部	75	第75巻	四十帖決	T2408
續諸宗部	76	第76巻	行林抄	T2409
續諸宗部	76	第76巻	溪嵐拾葉集	T2410
續諸宗部	77	第77巻	三昧流口傳集	T2411
續諸宗部	77	第77巻	總持抄	T2412
續諸宗部	77	第77巻	四度授法日記	T2413
續諸宗部	77	第77巻	了因決	T2414
續諸宗部	77	第77巻	灌頂私見聞	T2415
續諸宗部	77	第77巻	遮那業安立草	T2416
續諸宗部	77	第77巻	法華懺法	T2417
續諸宗部	77	第77巻	例時作法	T2418
續諸宗部	77	第77巻	遮那業學則	T2419
續諸宗部	77	第77巻	奏進法語	T2420
續諸宗部	77	第77巻	念佛三昧法語	T2421
續諸宗部	77	第77巻	眞迢上人法語	T2422
續諸宗部	77	第77巻	眞荷上人法語	T2423
續諸宗部	77	第77巻	眞朗上人法語	T2424
續諸宗部	77	第77巻	祕密漫荼羅十住心論	T2425
續諸宗部	77	第77巻	祕藏寶鑰	T2426
續諸宗部	77	第77巻	辨顯密二教論	T2427
續諸宗部	77	第77巻	即身成佛義	T2428
續諸宗部	77	第77巻	聲字實相義	T2429
續諸宗部	77	第77巻	吽字義	T2430
續諸宗部	77	第77巻	御遺告	T2431
續諸宗部	77	第77巻	阿字觀用心口決	T2432
續諸宗部	77	第77巻	眞言付法纂要抄	T2433
續諸宗部	77	第77巻	辨顯密二教論懸鏡抄	T2434
續諸宗部	77	第77巻	顯密差別問答	T2435
續諸宗部	77	第77巻	四種法身義	T2436
續諸宗部	77	第77巻	住心決疑抄	T2437
續諸宗部	77	第77巻	阿字義	T2438
續諸宗部	77	第77巻	阿字要略觀	T2439
續諸宗部	77	第77巻	大經要義抄注解	T2440
續諸宗部	77	第77巻	祕宗教相鈔	T2441
續諸宗部	77	第77巻	十住心論抄	T2442
續諸宗部	77	第77巻	十住心論打聞集	T2443
續諸宗部	77	第77巻	十住遮難抄	T2444
續諸宗部	77	第77巻	眞言教主問答抄	T2445
續諸宗部	77	第77巻	千輻輪相顯密集	T2446
續諸宗部	77	第77巻	貞應抄	T2447
續諸宗部	77	第77巻	諸法分別抄	T2448
續諸宗部	77	第77巻	眞言名目	T2449
續諸宗部	77	第77巻	開心抄	T2450
續諸宗部	77	第77巻	金剛頂宗綱概	T2451
續諸宗部	77	第77巻	大日經教主本地加持分別	T2452
續諸宗部	77	第77巻	寶册鈔	T2453
續諸宗部	77	第77巻	十住心義林	T2454
續諸宗部	77	第77巻	大日經主異義事	T2455
續諸宗部	77	第77巻	寶鏡鈔	T2456
續諸宗部	77	第77巻	大日經教主義	T2457
續諸宗部	77	第77巻	眞言宗未決文	T2458
續諸宗部	77	第77巻	未決答釋	T2459
續諸宗部	77	第77巻	徳一未決答釋	T2460
續諸宗部	78	第78巻	大和尚奉爲平安城太上天皇灌頂文	T2461
續諸宗部	78	第78巻	三昧耶戒序	T2462
續諸宗部	78	第78巻	祕密三昧耶佛戒儀	T2463
續諸宗部	78	第78巻	五部陀羅尼問答偈讃宗祕論	T2464
續諸宗部	78	第78巻	桧尾口訣	T2465
續諸宗部	78	第78巻	高雄口訣	T2466
續諸宗部	78	第78巻	五部肝心記	T2467
續諸宗部	78	第78巻	要尊道場觀	T2468
續諸宗部	78	第78巻	不灌鈴等記	T2469
續諸宗部	78	第78巻	具支灌頂儀式	T2470
續諸宗部	78	第78巻	金剛界九會密記	T2471
續諸宗部	78	第78巻	胎藏界三部祕釋	T2472
續諸宗部	78	第78巻	小野六帖	T2473
續諸宗部	78	第78巻	五相成身義問答抄	T2474
續諸宗部	78	第78巻	十八契印義釋生起	T2475
續諸宗部	78	第78巻	別行	T2476
續諸宗部	78	第78巻	柿袋	T2477
續諸宗部	78	第78巻	要尊法	T2478
續諸宗部	78	第78巻	勝語集	T2479
續諸宗部	78	第78巻	事相料簡	T2480
續諸宗部	78	第78巻	轉非命業抄	T2481
續諸宗部	78	第78巻	傳受集	T2482
續諸宗部	78	第78巻	厚造紙	T2483
續諸宗部	78	第78巻	諸尊要抄	T2484
續諸宗部	78	第78巻	祕藏金寶鈔	T2485
續諸宗部	78	第78巻	玄祕抄	T2486
續諸宗部	78	第78巻	治承記	T2487
續諸宗部	78	第78巻	澤鈔	T2488
續諸宗部	78	第78巻	祕鈔	T2489
續諸宗部	78	第78巻	異尊抄	T2490
續諸宗部	78	第78巻	右記	T2491
續諸宗部	78	第78巻	左記	T2492
續諸宗部	78	第78巻	御記	T2493
續諸宗部	78	第78巻	追記	T2494
續諸宗部	78	第78巻	薄雙紙	T2495
續諸宗部	78	第78巻	遍口鈔	T2496
續諸宗部	78	第78巻	實歸鈔	T2497
續諸宗部	78	第78巻	幸心鈔	T2498
續諸宗部	78	第78巻	傳法灌頂私記	T2499
續諸宗部	78	第78巻	四卷	T2500
續諸宗部	78	第78巻	師口	T2501
續諸宗部	78	第78巻	行法肝葉鈔	T2502
續諸宗部	78	第78巻	授寶性院宥快記	T2503
續諸宗部	78	第78巻	中院流四度口傳	T2504
續諸宗部	78	第78巻	中院流事	T2505
續諸宗部	78	第78巻	中院流大事聞書	T2506
續諸宗部	78	第78巻	傳屍病口傳	T2507
續諸宗部	78	第78巻	傳屍病灸治	T2508
續諸宗部	78	第78巻	僞書論	T2509
續諸宗部	79	第79巻	顯密不同頌	T2510
續諸宗部	79	第79巻	眞言宗即身成佛義章	T2511
續諸宗部	79	第79巻	𑖀字祕釋	T2512
續諸宗部	79	第79巻	𑖪𑖽字義	T2513
續諸宗部	79	第79巻	五輪九字明祕密釋	T2514
續諸宗部	79	第79巻	密嚴淨土略觀	T2515
續諸宗部	79	第79巻	祕密莊嚴傳法灌頂一異義	T2516
續諸宗部	79	第79巻	十八道沙汰	T2517
續諸宗部	79	第79巻	金剛頂經蓮花部心念誦次第沙汰	T2518
續諸宗部	79	第79巻	胎藏界沙汰	T2519
續諸宗部	79	第79巻	心月輪祕釋	T2520
續諸宗部	79	第79巻	眞言淨菩提心私記	T2521
續諸宗部	79	第79巻	阿彌陀祕釋	T2522
續諸宗部	79	第79巻	眞言宗義	T2523
續諸宗部	79	第79巻	祕密莊嚴不二義章	T2524
續諸宗部	79	第79巻	眞言三密修行問答	T2525
續諸宗部	79	第79巻	勸發頌	T2526
續諸宗部	79	第79巻	密嚴院發露懺悔文	T2527
續諸宗部	79	第79巻	諸宗教理同異釋	T2528
續諸宗部	79	第79巻	十八道口決	T2529
續諸宗部	79	第79巻	野金口決鈔	T2530
續諸宗部	79	第79巻	野胎口決鈔	T2531
續諸宗部	79	第79巻	護摩口決	T2532
續諸宗部	79	第79巻	金界發惠抄	T2533
續諸宗部	79	第79巻	胎藏入理鈔	T2534
續諸宗部	79	第79巻	薄草子口決	T2535
續諸宗部	79	第79巻	祕鈔問答	T2536
續諸宗部	79	第79巻	釋摩訶衍論第十廣短册	T2537
續諸宗部	79	第79巻	大疏百條第三重	T2538
續諸宗部	79	第79巻	自證説法	T2539
續諸宗部	79	第79巻	大疏談義	T2540
續諸宗部	79	第79巻	祕密因縁管絃相成義	T2541
續諸宗部	79	第79巻	讀書二十二則	T2542
續諸宗部	80	第80巻	興禪護國論	T2543
續諸宗部	80	第80巻	聖一國師語録	T2544
續諸宗部	80	第80巻	寶覺禪師語録	T2545
續諸宗部	80	第80巻	佛照禪師語録	T2546
續諸宗部	80	第80巻	大覺禪師語録	T2547
續諸宗部	80	第80巻	圓通大應國師語録	T2548
續諸宗部	80	第80巻	佛光國師語録	T2549
續諸宗部	80	第80巻	圓鑑國師語録	T2550
續諸宗部	80	第80巻	佛國禪師語録	T2551
續諸宗部	80	第80巻	南院國師語録	T2552
續諸宗部	80	第80巻	一山國師語録	T2553
續諸宗部	80	第80巻	竺僊和尚語録	T2554
續諸宗部	80	第80巻	夢窓國師語録	T2555
續諸宗部	80	第80巻	義堂和尚語録	T2556
續諸宗部	80	第80巻	閻浮集	T2557
續諸宗部	80	第80巻	鹽山拔隊和尚語録	T2558
續諸宗部	80	第80巻	無文禪師語録	T2559
續諸宗部	80	第80巻	知覺普明國師語録	T2560
續諸宗部	80	第80巻	絶海和尚語録	T2561
續諸宗部	81	第81巻	常光國師語録	T2562
續諸宗部	81	第81巻	大通禪師語録	T2563
續諸宗部	81	第81巻	永源寂室和尚語録	T2564
續諸宗部	81	第81巻	佛頂國師語録	T2565
續諸宗部	81	第81巻	大燈國師語録	T2566
續諸宗部	81	第81巻	徹翁和尚語録	T2567
續諸宗部	81	第81巻	雪江和尚語録	T2568
續諸宗部	81	第81巻	景川和尚語録	T2569
續諸宗部	81	第81巻	虎穴録	T2570
續諸宗部	81	第81巻	少林無孔笛	T2571
續諸宗部	81	第81巻	見桃録	T2572
續諸宗部	81	第81巻	西源徳芳和尚語録	T2573
續諸宗部	81	第81巻	槐安國語	T2574
續諸宗部	81	第81巻	宗門無盡燈論	T2575
續諸宗部	81	第81巻	五家參祥要路門	T2576
續諸宗部	81	第81巻	大鑑清規	T2577
續諸宗部	81	第81巻	諸回向清規	T2578
續諸宗部	81	第81巻	小叢林清規	T2579
續諸宗部	82	第82巻	普勸坐禪儀	T2580
續諸宗部	82	第82巻	學道用心集	T2581
續諸宗部	82	第82巻	正法眼藏	T2582
續諸宗部	82	第82巻	永平元和尚頌古	T2583
續諸宗部	82	第82巻	永平清規	T2584
續諸宗部	82	第82巻	傳光録	T2585
續諸宗部	82	第82巻	坐禪用心記	T2586
續諸宗部	82	第82巻	信心銘拈提	T2587
續諸宗部	82	第82巻	十種敕問奏對集	T2588
續諸宗部	82	第82巻	瑩山清規	T2589
續諸宗部	82	第82巻	光明藏三昧	T2590
續諸宗部	82	第82巻	義雲和尚語録	T2591
續諸宗部	82	第82巻	通幻靈禪師漫録	T2592
續諸宗部	82	第82巻	實峰禪師語録	T2593
續諸宗部	82	第82巻	普濟和尚語録	T2594
續諸宗部	82	第82巻	月坡禪師語録	T2595
續諸宗部	82	第82巻	月舟和尚遺錄	T2596
續諸宗部	82	第82巻	獨庵獨語	T2597
續諸宗部	82	第82巻	東林語録	T2598
續諸宗部	82	第82巻	禪戒訣	T2599
續諸宗部	82	第82巻	報恩編	T2600
續諸宗部	82	第82巻	禪戒鈔	T2601
續諸宗部	82	第82巻	心學典論	T2602
續諸宗部	82	第82巻	荒田隨筆	T2603
續諸宗部	82	第82巻	建康普説	T2604
續諸宗部	82	第82巻	普照國師語録	T2605
續諸宗部	82	第82巻	普照國師法語	T2606
續諸宗部	82	第82巻	黄檗清規	T2607
續諸宗部	83	第83巻	選擇本願念佛集	T2608
續諸宗部	83	第83巻	徹選擇本願念佛集	T2609
續諸宗部	83	第83巻	選擇傳弘決疑鈔	T2610
續諸宗部	83	第83巻	黒谷上人語燈録	T2611
續諸宗部	83	第83巻	拾遺黒谷上人語燈録	T2612
續諸宗部	83	第83巻	末代念佛授手印	T2613
續諸宗部	83	第83巻	淨土二藏二教略頌	T2614
續諸宗部	83	第83巻	歸命本願抄	T2615
續諸宗部	83	第83巻	西要抄	T2616
續諸宗部	83	第83巻	父子相迎	T2617
續諸宗部	83	第83巻	大原談義聞書鈔	T2618
續諸宗部	83	第83巻	蓮門學則	T2619
續諸宗部	83	第83巻	選擇密要決	T2620
續諸宗部	83	第83巻	修業要決	T2621
續諸宗部	83	第83巻	當麻曼荼羅供式	T2622
續諸宗部	83	第83巻	曼荼羅八講論義抄	T2623
續諸宗部	83	第83巻	女院御書	T2624
續諸宗部	83	第83巻	鎭勸用心	T2625
續諸宗部	83	第83巻	流祖上人箇條名目	T2626
續諸宗部	83	第83巻	觀經名目證據十七箇條	T2627
續諸宗部	83	第83巻	西山口決傳密鈔	T2628
續諸宗部	83	第83巻	淨土宗要集	T2629
續諸宗部	83	第83巻	竹林鈔	T2630
續諸宗部	83	第83巻	菩薩藏頓教一乘海義決	T2631
續諸宗部	83	第83巻	難易二道血脈圖論	T2632
續諸宗部	83	第83巻	華山院家四十八問答	T2633
續諸宗部	83	第83巻	觀經四品知識義	T2634
續諸宗部	83	第83巻	仙洞三心義問答記	T2635
續諸宗部	83	第83巻	淨土宗建立私記	T2636
續諸宗部	83	第83巻	淨土童蒙指歸名目	T2637
續諸宗部	83	第83巻	淨土宗法門大圖	T2638
續諸宗部	83	第83巻	淨土法門大圖名目	T2639
續諸宗部	83	第83巻	淨土口決集	T2640
續諸宗部	83	第83巻	座右鈔	T2641
續諸宗部	83	第83巻	初心行護鈔	T2642
續諸宗部	83	第83巻	講院學堂通規	T2643
續諸宗部	83	第83巻	愚要鈔	T2644
續諸宗部	83	第83巻	西山復古篇	T2645
續諸宗部	83	第83巻	顯淨土眞實教行證文類	T2646
續諸宗部	83	第83巻	淨土文類聚鈔	T2647
續諸宗部	83	第83巻	愚禿鈔	T2648
續諸宗部	83	第83巻	入出二門偈頌	T2649
續諸宗部	83	第83巻	淨土和讃	T2650
續諸宗部	83	第83巻	淨土高僧和讃	T2651
續諸宗部	83	第83巻	正像末法和讃	T2652
續諸宗部	83	第83巻	皇太子聖徳奉讃	T2653
續諸宗部	83	第83巻	淨土三經往生文類	T2654
續諸宗部	83	第83巻	如來二種迴向文	T2655
續諸宗部	83	第83巻	尊號眞像銘文	T2656
續諸宗部	83	第83巻	一念多念文意	T2657
續諸宗部	83	第83巻	唯信鈔文意	T2658
續諸宗部	83	第83巻	末燈鈔	T2659
續諸宗部	83	第83巻	親鸞聖人御消息集	T2660
續諸宗部	83	第83巻	歎異抄	T2661
續諸宗部	83	第83巻	執持鈔	T2662
續諸宗部	83	第83巻	口傳鈔	T2663
續諸宗部	83	第83巻	本願寺聖人親鸞傳繪	T2664
續諸宗部	83	第83巻	報恩講式	T2665
續諸宗部	83	第83巻	歎徳文	T2666
續諸宗部	83	第83巻	淨土眞要鈔	T2667
續諸宗部	83	第83巻	蓮如上人御文	T2668
續諸宗部	83	第83巻	蓮如上人御一代記聞書	T2669
續諸宗部	83	第83巻	御俗姓御文	T2670
續諸宗部	83	第83巻	大名目	T2671
續諸宗部	83	第83巻	自要集	T2672
續諸宗部	83	第83巻	顯正流義鈔	T2673
續諸宗部	83	第83巻	西方指南鈔	T2674
續諸宗部	83	第83巻	唯信抄	T2675
續諸宗部	83	第83巻	後世物語聞書	T2676
續諸宗部	83	第83巻	一念多念分別事	T2677
續諸宗部	83	第83巻	自力他力事	T2678
續諸宗部	83	第83巻	安心決定鈔	T2679
續諸宗部	84	第84巻	融通圓門章	T2680
續諸宗部	84	第84巻	器朴論	T2681
續諸宗部	84	第84巻	往生要集	T2682
續諸宗部	84	第84巻	往生拾因	T2683
續諸宗部	84	第84巻	決定往生集	T2684
續諸宗部	84	第84巻	安養知足相對抄	T2685
續諸宗部	84	第84巻	安養抄	T2686
續諸宗部	84	第84巻	淨土法門源流章	T2687
續諸宗部	84	第84巻	立正安國論	T2688
續諸宗部	84	第84巻	開目抄	T2689
續諸宗部	84	第84巻	撰時抄	T2690
續諸宗部	84	第84巻	報恩抄	T2691
續諸宗部	84	第84巻	觀心本尊抄	T2692
續諸宗部	84	第84巻	法華取要抄	T2693
續諸宗部	84	第84巻	太田禪門許御書	T2694
續諸宗部	84	第84巻	三大祕法抄	T2695
續諸宗部	84	第84巻	四信五品鈔	T2696
續諸宗部	84	第84巻	如説修行抄	T2697
續諸宗部	84	第84巻	種種御振舞御書	T2698
續諸宗部	84	第84巻	御義口傳	T2699
續諸宗部	84	第84巻	御講聞書	T2700
悉曇部	84	第84巻	梵字悉曇字母釋義	T2701
悉曇部	84	第84巻	悉曇藏	T2702
悉曇部	84	第84巻	悉曇十二例	T2703
悉曇部	84	第84巻	悉曇略記	T2704
悉曇部	84	第84巻	悉曇集記	T2705
悉曇部	84	第84巻	悉曇要訣	T2706
悉曇部	84	第84巻	多羅葉記	T2707
悉曇部	84	第84巻	悉曇祕傳記	T2708
悉曇部	84	第84巻	悉曇輪略圖抄	T2709
悉曇部	84	第84巻	𑖭𑖰𑖟𑖿𑖠𑖯𑖽三密鈔	T2710
悉曇部	84	第84巻	梵學津梁總目録	T2711
悉曇部	84	第84巻	魚山聲明集	T2712
悉曇部	84	第84巻	魚山私鈔	T2713
悉曇部	84	第84巻	魚山目録	T2714
悉曇部	84	第84巻	大原聲明博士圖	T2715
悉曇部	84	第84巻	音律菁花集	T2716
悉曇部	84	第84巻	聲明口傳	T2717
悉曇部	84	第84巻	大阿闍梨聲明系圖	T2718
悉曇部	84	第84巻	十二調子事	T2719
悉曇部	84	第84巻	聲明源流記	T2720
悉曇部	84	第84巻	音曲祕要抄	T2721
悉曇部	84	第84巻	藥師如來講式	T2722
悉曇部	84	第84巻	横川首楞嚴院二十五三昧式	T2723
悉曇部	84	第84巻	横川首楞嚴院二十五三昧起請	T2724
悉曇部	84	第84巻	往生講式	T2725
悉曇部	84	第84巻	愛染王講式	T2726
悉曇部	84	第84巻	求聞持表白	T2727
悉曇部	84	第84巻	觀音講式	T2728
悉曇部	84	第84巻	彌勒講式	T2729
悉曇部	84	第84巻	如法經現修作法	T2730
悉曇部	84	第84巻	四座講式	T2731
古逸部・疑似部	85	第85巻	梁朝傅大士頌金剛經	T2732
古逸部・疑似部	85	第85巻	御注金剛般若波羅蜜經宣演	T2733
古逸部・疑似部	85	第85巻	金剛暎卷上	T2734
古逸部・疑似部	85	第85巻	金剛般若經旨賛	T2735
古逸部・疑似部	85	第85巻	金剛般若經依天親菩薩論賛略釋秦本義記卷上	T2736
古逸部・疑似部	85	第85巻	金剛經疏	T2737
古逸部・疑似部	85	第85巻	金剛經疏	T2738
古逸部・疑似部	85	第85巻	金剛般若經挾注	T2739
古逸部・疑似部	85	第85巻	金剛般若義記	T2740
古逸部・疑似部	85	第85巻	金剛般若經疏	T2741
古逸部・疑似部	85	第85巻	金剛般若波羅蜜經傳外傳卷下	T2742
古逸部・疑似部	85	第85巻	持誦金剛經靈驗功徳記	T2743
古逸部・疑似部	85	第85巻	仁王般若實相論卷第二	T2744
古逸部・疑似部	85	第85巻	仁王經疏	T2745
古逸部・疑似部	85	第85巻	般若波羅蜜多心經還源述	T2746
古逸部・疑似部	85	第85巻	挾註波羅蜜多心經	T2747
古逸部・疑似部	85	第85巻	法華義記卷第三	T2748
古逸部・疑似部	85	第85巻	法華經疏	T2749
古逸部・疑似部	85	第85巻	法華經疏	T2750
古逸部・疑似部	85	第85巻	法華經疏	T2751
古逸部・疑似部	85	第85巻	法華問答	T2752
古逸部・疑似部	85	第85巻	華嚴經章	T2753
古逸部・疑似部	85	第85巻	華嚴略疏卷第三	T2754
古逸部・疑似部	85	第85巻	華嚴經疏	T2755
古逸部・疑似部	85	第85巻	華嚴經義記卷第一	T2756
古逸部・疑似部	85	第85巻	華嚴經疏卷第三	T2757
古逸部・疑似部	85	第85巻	十地義記卷第一	T2758
古逸部・疑似部	85	第85巻	無量壽經義記卷下	T2759
古逸部・疑似部	85	第85巻	無量壽觀經義記	T2760
古逸部・疑似部	85	第85巻	勝鬘經記	T2761
古逸部・疑似部	85	第85巻	勝鬘經疏	T2762
古逸部・疑似部	85	第85巻	挾注勝鬘經	T2763
古逸部・疑似部	85	第85巻	涅槃經義記	T2764A
古逸部・疑似部	85	第85巻	大涅槃經義記卷第四	T2764B
古逸部・疑似部	85	第85巻	涅槃經疏	T2765
古逸部・疑似部	85	第85巻	藥師經疏	T2766
古逸部・疑似部	85	第85巻	藥師經疏	T2767
古逸部・疑似部	85	第85巻	維摩義記	T2768
古逸部・疑似部	85	第85巻	維摩經義記卷第四	T2769
古逸部・疑似部	85	第85巻	維摩經疏	T2770
古逸部・疑似部	85	第85巻	維摩經疏	T2771
古逸部・疑似部	85	第85巻	維摩經疏卷第三・卷第六	T2772
古逸部・疑似部	85	第85巻	維摩經抄	T2773
古逸部・疑似部	85	第85巻	維摩經疏	T2774
古逸部・疑似部	85	第85巻	維摩疏釋前小序抄	T2775
古逸部・疑似部	85	第85巻	釋肇序	T2776
古逸部・疑似部	85	第85巻	淨名經集解關中疏	T2777
古逸部・疑似部	85	第85巻	淨名經關中釋抄	T2778
古逸部・疑似部	85	第85巻	佛説楞伽經禪門悉談章	T2779
古逸部・疑似部	85	第85巻	温室經疏	T2780
古逸部・疑似部	85	第85巻	盂蘭盆經讃述	T2781
古逸部・疑似部	85	第85巻	大乘稻芋經隨聽疏	T2782
古逸部・疑似部	85	第85巻	大乘稻芋經隨聽疏決	T2783
古逸部・疑似部	85	第85巻	大乘四法經釋抄	T2784
古逸部・疑似部	85	第85巻	大乘四法經論廣釋開決記	T2785
古逸部・疑似部	85	第85巻	天請問經疏	T2786
古逸部・疑似部	85	第85巻	四分戒本疏卷第一・第二・第三	T2787
古逸部・疑似部	85	第85巻	律戒本疏	T2788
古逸部・疑似部	85	第85巻	律戒本疏	T2789
古逸部・疑似部	85	第85巻	律雜抄	T2790
古逸部・疑似部	85	第85巻	宗四分比丘隨門要略行儀	T2791
古逸部・疑似部	85	第85巻	毘尼心	T2792
古逸部・疑似部	85	第85巻	三部律抄	T2793
古逸部・疑似部	85	第85巻	律抄	T2794
古逸部・疑似部	85	第85巻	四部律并論要用抄	T2795
古逸部・疑似部	85	第85巻	律抄第三卷手決	T2796
古逸部・疑似部	85	第85巻	梵網經述記卷第一	T2797
古逸部・疑似部	85	第85巻	本業瓔珞經疏	T2798
古逸部・疑似部	85	第85巻	十地論義疏卷第一・第三	T2799
古逸部・疑似部	85	第85巻	廣百論疏卷第一	T2800
古逸部・疑似部	85	第85巻	瑜伽師地論分門記	T2801
古逸部・疑似部	85	第85巻	瑜伽論手記	T2802
古逸部・疑似部	85	第85巻	地持義記卷第四	T2803
古逸部・疑似部	85	第85巻	唯識三十論要釋	T2804
古逸部・疑似部	85	第85巻	攝大乘講疏卷第五、第七	T2805
古逸部・疑似部	85	第85巻	攝大乘論抄	T2806
古逸部・疑似部	85	第85巻	攝大乘論章卷第一	T2807
古逸部・疑似部	85	第85巻	攝論章卷第一	T2808
古逸部・疑似部	85	第85巻	攝大乘義章卷第四	T2809
古逸部・疑似部	85	第85巻	大乘百法明門論開宗義記	T2810
古逸部・疑似部	85	第85巻	大乘百法明門論開宗義記序釋	T2811
古逸部・疑似部	85	第85巻	大乘百法明門論開宗義決	T2812
古逸部・疑似部	85	第85巻	大乘起信論略述	T2813
古逸部・疑似部	85	第85巻	大乘起信論廣釋卷第三・四・五	T2814
古逸部・疑似部	85	第85巻	起信論註	T2815
古逸部・疑似部	85	第85巻	因縁心釋論開決記	T2816
古逸部・疑似部	85	第85巻	大乘經纂要義	T2817
古逸部・疑似部	85	第85巻	大乘二十二問本	T2818
古逸部・疑似部	85	第85巻	諸經要抄	T2819
古逸部・疑似部	85	第85巻	菩薩藏修道衆經抄卷第十二	T2820
古逸部・疑似部	85	第85巻	諸經要略文	T2821
古逸部・疑似部	85	第85巻	大乘要語	T2822
古逸部・疑似部	85	第85巻	大乘入道次第開決	T2823
古逸部・疑似部	85	第85巻	天台分門圖	T2824
古逸部・疑似部	85	第85巻	眞言要決卷第一・第三	T2825
古逸部・疑似部	85	第85巻	略諸經論念佛法門往生淨土集卷上	T2826
古逸部・疑似部	85	第85巻	淨土五會念佛誦經觀行儀卷中・下	T2827
古逸部・疑似部	85	第85巻	大乘淨土讃	T2828
古逸部・疑似部	85	第85巻	持齋念佛懺悔禮文	T2829
古逸部・疑似部	85	第85巻	道安法師念佛讃	T2830A
古逸部・疑似部	85	第85巻	道安法師念佛讃文	T2830B
古逸部・疑似部	85	第85巻	無心論	T2831
古逸部・疑似部	85	第85巻	南天竺國菩提達摩禪師觀門	T2832
古逸部・疑似部	85	第85巻	觀心論	T2833
古逸部・疑似部	85	第85巻	大乘無生方便門	T2834
古逸部・疑似部	85	第85巻	大乘開心顯性頓悟眞宗論	T2835
古逸部・疑似部	85	第85巻	大乘北宗論	T2836
古逸部・疑似部	85	第85巻	楞伽師資記	T2837
古逸部・疑似部	85	第85巻	傳法寶紀	T2838
古逸部・疑似部	85	第85巻	讃禪門詩	T2839
古逸部・疑似部	85	第85巻	三界圖	T2840
古逸部・疑似部	85	第85巻	大佛略懺	T2841
古逸部・疑似部	85	第85巻	印沙佛文	T2842
古逸部・疑似部	85	第85巻	大悲啓請	T2843
古逸部・疑似部	85	第85巻	文殊師利菩薩無相十禮	T2844
古逸部・疑似部	85	第85巻	押座文類	T2845
古逸部・疑似部	85	第85巻	祈願文	T2846
古逸部・疑似部	85	第85巻	祈願文	T2847
古逸部・疑似部	85	第85巻	𢌞向文	T2848
古逸部・疑似部	85	第85巻	大乘四齋日	T2849
古逸部・疑似部	85	第85巻	地藏菩薩十齋日	T2850
古逸部・疑似部	85	第85巻	和菩薩戒文	T2851
古逸部・疑似部	85	第85巻	入布薩堂説偈文等	T2852
古逸部・疑似部	85	第85巻	布薩文等	T2853
古逸部・疑似部	85	第85巻	禮懺文	T2854
古逸部・疑似部	85	第85巻	禮懺文	T2855
古逸部・疑似部	85	第85巻	禮懺文	T2856
古逸部・疑似部	85	第85巻	索法號義𮗿諷誦文	T2857
古逸部・疑似部	85	第85巻	大目乾連冥間救母變文并圖	T2858
古逸部・疑似部	85	第85巻	惠遠外傳	T2859
古逸部・疑似部	85	第85巻	府君存惠傳	T2860
古逸部・疑似部	85	第85巻	泉州千佛新著諸祖師頌	T2861
古逸部・疑似部	85	第85巻	大蕃沙洲釋門教法和尚洪𮗿修功徳記	T2862
古逸部・疑似部	85	第85巻	王梵志詩集	T2863
古逸部・疑似部	85	第85巻	進旨	T2864
古逸部・疑似部	85	第85巻	護身命經	T2865
古逸部・疑似部	85	第85巻	護身命經	T2866
古逸部・疑似部	85	第85巻	慈仁問八十種好經	T2867
古逸部・疑似部	85	第85巻	決罪福經	T2868
古逸部・疑似部	85	第85巻	妙好寶車經	T2869
古逸部・疑似部	85	第85巻	像法決疑經	T2870
古逸部・疑似部	85	第85巻	大通方廣懺悔滅罪莊嚴成佛經	T2871
古逸部・疑似部	85	第85巻	妙法蓮華經廣量天地品第二十九	T2872
古逸部・疑似部	85	第85巻	首羅比丘經	T2873
古逸部・疑似部	85	第85巻	小法滅盡經	T2874
古逸部・疑似部	85	第85巻	大方廣華嚴十惡品經	T2875
古逸部・疑似部	85	第85巻	天公經	T2876
古逸部・疑似部	85	第85巻	如來在金棺囑累清淨莊嚴敬福經	T2877
古逸部・疑似部	85	第85巻	救疾經	T2878
古逸部・疑似部	85	第85巻	普賢菩薩説證明經	T2879
古逸部・疑似部	85	第85巻	究竟大悲經卷第二・三・四	T2880
古逸部・疑似部	85	第85巻	善惡因果經	T2881
古逸部・疑似部	85	第85巻	呪魅經	T2882
古逸部・疑似部	85	第85巻	法王經	T2883
古逸部・疑似部	85	第85巻	大威儀請問	T2884
古逸部・疑似部	85	第85巻	佛性海藏智慧解脱破心相經	T2885
古逸部・疑似部	85	第85巻	佛爲心王菩薩説投陀經卷上	T2886
古逸部・疑似部	85	第85巻	父母恩重經	T2887
古逸部・疑似部	85	第85巻	延壽命經	T2888
古逸部・疑似部	85	第85巻	續命經	T2889
古逸部・疑似部	85	第85巻	如來成道經	T2890
古逸部・疑似部	85	第85巻	山海慧菩薩經	T2891
古逸部・疑似部	85	第85巻	現報當受經	T2892
古逸部・疑似部	85	第85巻	大辯邪正經	T2893
古逸部・疑似部	85	第85巻	三廚經	T2894
古逸部・疑似部	85	第85巻	要行捨身經	T2895
古逸部・疑似部	85	第85巻	示所犯者瑜伽法鏡經	T2896
古逸部・疑似部	85	第85巻	天地八陽神呪經	T2897
古逸部・疑似部	85	第85巻	高王觀世音經	T2898
古逸部・疑似部	85	第85巻	妙法蓮華經馬明菩薩品第三十	T2899
古逸部・疑似部	85	第85巻	齋法清淨經	T2900
古逸部・疑似部	85	第85巻	法句經	T2901
古逸部・疑似部	85	第85巻	法句經疏	T2902
古逸部・疑似部	85	第85巻	無量大慈教經	T2903
古逸部・疑似部	85	第85巻	七千佛神符經	T2904
古逸部・疑似部	85	第85巻	現在十方千五百佛名並雜佛同號	T2905
古逸部・疑似部	85	第85巻	三萬佛同根本神祕之印並法龍種上尊王佛法	T2906
古逸部・疑似部	85	第85巻	普賢菩薩行願王經	T2907
古逸部・疑似部	85	第85巻	大方廣佛華嚴經普賢菩薩行願王品	T2908
古逸部・疑似部	85	第85巻	地藏菩薩經	T2909
古逸部・疑似部	85	第85巻	金有陀羅尼經	T2910
古逸部・疑似部	85	第85巻	讃僧功徳經	T2911
古逸部・疑似部	85	第85巻	無常三啓經	T2912
古逸部・疑似部	85	第85巻	七女觀經	T2913
古逸部・疑似部	85	第85巻	觀經	T2914
古逸部・疑似部	85	第85巻	救諸衆生一切苦難經	T2915
古逸部・疑似部	85	第85巻	勸善經	T2916
古逸部・疑似部	85	第85巻	新菩薩經	T2917A
古逸部・疑似部	85	第85巻	新菩薩經	T2917B
古逸部・疑似部	85	第85巻	釋家觀化還愚經	T2918
古逸部・疑似部	85	第85巻	佛母經	T2919
古逸部・疑似部	85	第85巻	僧伽和尚欲入涅槃説六度經	T2920
